Date,Ticker,Call Volume,Put Volume,P/C Ratio,Time
2025-05-19,GME,63622,10917,0.17,07:44:00
2025-05-19,TSLA,476892,359442,0.75,07:44:00
2025-05-19,AMC,73508,9351,0.13,07:44:00
2025-05-19,AAPL,157152,72175,0.46,07:44:00
2025-05-19,NVDA,667513,388798,0.58,07:44:00
2025-05-19,BYSI,0,0,,07:44:00
2025-05-19,SLSR,1474,0,0,07:44:00
2025-05-19,STKS,41,264,6.44,07:44:00
2025-05-19,GAIN,10,2,0.2,07:44:00
2025-05-19,IMMP,64,5,0.08,07:44:00
2025-05-19,GME,39140,8099,0.21,14:24:00
2025-05-19,TSLA,472856,305746,0.65,14:24:00
2025-05-19,AMC,28896,4647,0.16,14:24:00
2025-05-19,AAPL,180634,145418,0.81,14:24:00
2025-05-19,NVDA,556875,404877,0.73,14:24:00
2025-05-19,BYSI,0,0,,14:24:00
2025-05-19,SLSR,1474,0,0,14:24:00
2025-05-19,STKS,121,264,2.18,14:24:00
2025-05-19,GAIN,12,2,0.17,14:24:00
2025-05-19,IMMP,14,5,0.36,14:24:00
2025-05-20,GME,53877,10519,0.2,09:05:00
2025-05-20,TSLA,577216,366579,0.64,09:05:00
2025-05-20,AMC,32705,5390,0.16,09:05:00
2025-05-20,AAPL,218832,168227,0.77,09:05:00
2025-05-20,NVDA,657850,473591,0.72,09:05:00
2025-05-20,BYSI,0,0,,09:05:00
2025-05-20,SLSR,1474,0,0,09:05:00
2025-05-20,STKS,121,264,2.18,09:05:00
2025-05-20,GAIN,12,2,0.17,09:05:00
2025-05-20,IMMP,14,5,0.36,09:05:00
2025-05-20,GME,25365,8252,0.33,12:52:00
2025-05-20,TSLA,605628,260960,0.43,12:52:00
2025-05-20,AMC,12911,1259,0.1,12:52:00
2025-05-20,AAPL,110451,50363,0.46,12:52:00
2025-05-20,NVDA,353348,231353,0.65,12:52:00
2025-05-20,BYSI,0,0,,12:52:00
2025-05-20,SLSR,1474,0,0,12:52:00
2025-05-20,STKS,81,264,3.26,12:52:00
2025-05-20,GAIN,5,2,0.4,12:52:00
2025-05-20,IMMP,1,5,5,12:52:00
2025-05-20,GME,55477,14563,0.26,17:38:00
2025-05-20,TSLA,1052987,512242,0.49,17:38:00
2025-05-20,AMC,26870,1884,0.07,17:38:00
2025-05-20,AAPL,198770,92430,0.47,17:38:00
2025-05-20,NVDA,552178,336586,0.61,17:38:00
2025-05-20,BYSI,0,0,,17:38:00
2025-05-20,SLSR,1474,0,0,17:38:00
2025-05-20,STKS,83,263,3.17,17:38:00
2025-05-20,GAIN,5,3,0.6,17:38:00
2025-05-20,IMMP,2,1,0.5,17:38:00
2025-05-21,GME,37944,7779,0.21,12:01:00
2025-05-21,TSLA,284917,186954,0.66,12:01:00
2025-05-21,AMC,5707,2398,0.42,12:01:00
2025-05-21,AAPL,95366,70266,0.74,12:01:00
2025-05-21,NVDA,292421,156714,0.54,12:01:00
2025-05-21,BYSI,0,0,,12:01:00
2025-05-21,SLSR,1474,0,0,12:01:00
2025-05-21,STKS,81,698,8.62,12:01:00
2025-05-21,GAIN,5,4,0.8,12:01:00
2025-05-21,IMMP,2,1,0.5,12:01:00
2025-05-21,GME,63354,15879,0.25,14:23:00
2025-05-21,TSLA,503515,331930,0.66,14:23:00
2025-05-21,AMC,14180,5200,0.37,14:23:00
2025-05-21,AAPL,197664,160056,0.81,14:23:00
2025-05-21,NVDA,806568,470958,0.58,14:23:00
2025-05-21,BYSI,0,0,,14:23:00
2025-05-21,SLSR,1474,0,0,14:23:00
2025-05-21,STKS,81,702,8.67,14:23:00
2025-05-21,GAIN,5,4,0.8,14:23:00
2025-05-21,IMMP,2,1,0.5,14:23:00
2025-05-21,GME,80846,25807,0.32,23:30:00
2025-05-21,TSLA,702514,451790,0.64,23:30:00
2025-05-21,AMC,26829,5996,0.22,23:30:00
2025-05-21,AAPL,277292,223041,0.8,23:30:00
2025-05-21,NVDA,1116031,681398,0.61,23:30:00
2025-05-21,BYSI,0,0,,23:30:00
2025-05-21,SLSR,1474,0,0,23:30:00
2025-05-21,STKS,81,702,8.67,23:30:00
2025-05-21,GAIN,5,5,1,23:30:00
2025-05-21,IMMP,1,1,1,23:30:00
2025-05-22,GME,49804,13961,0.28,11:05:00
2025-05-22,TSLA,267105,164516,0.62,11:05:00
2025-05-22,AMC,18044,1450,0.08,11:05:00
2025-05-22,AAPL,86765,58248,0.67,11:05:00
2025-05-22,NVDA,302363,123974,0.41,11:05:00
2025-05-22,BYSI,0,0,,11:05:00
2025-05-22,SLSR,1474,0,0,11:05:00
2025-05-22,STKS,82,702,8.56,11:05:00
2025-05-22,GAIN,5,5,1,11:05:00
2025-05-22,IMMP,1,1,1,11:05:00
2025-05-22,GME,138307,54901,0.4,14:31:00
2025-05-22,TSLA,548490,391926,0.71,14:31:00
2025-05-22,AMC,58278,4975,0.09,14:31:00
2025-05-22,AAPL,188012,95031,0.51,14:31:00
2025-05-22,NVDA,616810,246037,0.4,14:31:00
2025-05-22,BYSI,0,0,,14:31:00
2025-05-22,SLSR,1474,0,0,14:31:00
2025-05-22,STKS,81,702,8.67,14:31:00
2025-05-22,GAIN,5,5,1,14:31:00
2025-05-22,IMMP,2,1,0.5,14:31:00
2025-05-22,GME,203552,76085,0.37,20:43:00
2025-05-22,TSLA,734238,542785,0.74,20:43:00
2025-05-22,AMC,81096,8484,0.1,20:43:00
2025-05-22,AAPL,254546,119428,0.47,20:43:00
2025-05-22,NVDA,787840,353982,0.45,20:43:00
2025-05-22,BYSI,0,0,,20:43:00
2025-05-22,SLSR,1474,0,0,20:43:00
2025-05-22,STKS,81,702,8.67,20:43:00
2025-05-22,GAIN,5,5,1,20:43:00
2025-05-22,IMMP,2,1,0.5,20:43:00
2025-05-23,GME,50372,15839,0.31,10:32:00
2025-05-23,TSLA,192858,142624,0.74,10:32:00
2025-05-23,AMC,14180,1826,0.13,10:32:00
2025-05-23,AAPL,66422,132963,2,10:32:00
2025-05-23,NVDA,250769,108824,0.43,10:32:00
2025-05-23,BYSI,0,0,,10:32:00
2025-05-23,SLSR,1474,0,0,10:32:00
2025-05-23,STKS,81,702,8.67,10:32:00
2025-05-23,GAIN,5,5,1,10:32:00
2025-05-23,IMMP,2,1,0.5,10:32:00
2025-05-23,GME,202568,67494,0.33,14:54:00
2025-05-23,TSLA,811428,537558,0.66,14:54:00
2025-05-23,AMC,33026,3302,0.1,14:54:00
2025-05-23,AAPL,196882,328678,1.67,14:54:00
2025-05-23,NVDA,851127,448638,0.53,14:54:00
2025-05-23,BYSI,0,0,,14:54:00
2025-05-23,SLSR,1474,0,0,14:54:00
2025-05-23,STKS,81,702,8.67,14:54:00
2025-05-23,GAIN,5,5,1,14:54:00
2025-05-23,IMMP,1,1,1,14:54:00
2025-05-23,GME,301945,38658,0.13,21:07:00
2025-05-23,TSLA,344604,358177,1.04,21:07:00
2025-05-23,AMC,39906,11287,0.28,21:07:00
2025-05-23,AAPL,176479,199425,1.13,21:07:00
2025-05-23,NVDA,564449,257652,0.46,21:07:00
2025-05-23,BYSI,0,0,,21:07:00
2025-05-23,SLSR,1474,0,0,21:07:00
2025-05-23,STKS,81,702,8.67,21:07:00
2025-05-23,GAIN,1,5,5,21:07:00
2025-05-23,IMMP,1,1,1,21:07:00
2025-05-27,GME,46151,11347,0.25,10:15:00
2025-05-27,TSLA,177223,105533,0.6,10:15:00
2025-05-27,AMC,34469,2436,0.07,10:15:00
2025-05-27,AAPL,32840,27493,0.84,10:15:00
2025-05-27,NVDA,91330,50315,0.55,10:15:00
2025-05-27,BYSI,0,0,,10:15:00
2025-05-27,SLSR,1474,0,0,10:15:00
2025-05-27,STKS,81,702,8.67,10:15:00
2025-05-27,GAIN,2,5,2.5,10:15:00
2025-05-27,IMMP,1,1,1,10:15:00
2025-05-27,GME,224235,48171,0.21,12:45:00
2025-05-27,TSLA,526224,282667,0.54,12:45:00
2025-05-27,AMC,155160,24239,0.16,12:45:00
2025-05-27,AAPL,151340,95029,0.63,12:45:00
2025-05-27,NVDA,370110,197405,0.53,12:45:00
2025-05-27,BYSI,0,0,,12:45:00
2025-05-27,SLSR,1474,0,0,12:45:00
2025-05-27,STKS,81,702,8.67,12:45:00
2025-05-27,GAIN,2,5,2.5,12:45:00
2025-05-27,IMMP,8,1,0.12,12:45:00
2025-05-27,GME,295518,84224,0.29,23:11:00
2025-05-27,TSLA,853710,555126,0.65,23:11:00
2025-05-27,AMC,234084,37896,0.16,23:11:00
2025-05-27,AAPL,224546,133964,0.6,23:11:00
2025-05-27,NVDA,585153,335676,0.57,23:11:00
2025-05-27,BYSI,0,0,,23:11:00
2025-05-27,SLSR,1474,0,0,23:11:00
2025-05-27,STKS,81,702,8.67,23:11:00
2025-05-27,GAIN,2,5,2.5,23:11:00
2025-05-27,IMMP,8,1,0.12,23:11:00
2025-05-28,GME,117977,58879,0.5,11:48:00
2025-05-28,TSLA,296384,168226,0.57,11:48:00
2025-05-28,AMC,57073,27416,0.48,11:48:00
2025-05-28,AAPL,103144,51890,0.5,11:48:00
2025-05-28,NVDA,339428,153442,0.45,11:48:00
2025-05-28,BYSI,202,0,0,11:48:00
2025-05-28,SLSR,1474,0,0,11:48:00
2025-05-28,STKS,81,702,8.67,11:48:00
2025-05-28,GAIN,2,5,2.5,11:48:00
2025-05-28,IMMP,8,1,0.12,11:48:00
2025-05-28,GME,208063,86259,0.41,17:01:00
2025-05-28,TSLA,605797,366767,0.61,17:01:00
2025-05-28,AMC,99365,36360,0.37,17:01:00
2025-05-28,AAPL,168789,102645,0.61,17:01:00
2025-05-28,NVDA,1082061,723356,0.67,17:01:00
2025-05-28,BYSI,215,0,0,17:01:00
2025-05-28,SLSR,1474,0,0,17:01:00
2025-05-28,STKS,81,702,8.67,17:01:00
2025-05-28,GAIN,2,5,2.5,17:01:00
2025-05-28,IMMP,8,1,0.12,17:01:00
2025-05-28,GME,215422,86479,0.4,23:13:00
2025-05-28,TSLA,605798,366804,0.61,23:13:00
2025-05-28,AMC,99365,36385,0.37,23:13:00
2025-05-28,AAPL,168789,102653,0.61,23:13:00
2025-05-28,NVDA,1082079,723365,0.67,23:13:00
2025-05-28,BYSI,215,0,0,23:13:00
2025-05-28,SLSR,1474,0,0,23:13:00
2025-05-28,STKS,81,702,8.67,23:13:00
2025-05-28,GAIN,2,5,2.5,23:13:00
2025-05-28,IMMP,8,1,0.12,23:13:00
2025-05-29,GME,215422,86479,0.4,09:48:00
2025-05-29,TSLA,605798,366804,0.61,09:48:00
2025-05-29,AMC,99365,36385,0.37,09:48:00
2025-05-29,AAPL,168789,102653,0.61,09:48:00
2025-05-29,NVDA,1082079,723365,0.67,09:48:00
2025-05-29,BYSI,215,0,0,09:48:00
2025-05-29,SLSR,1474,0,0,09:48:00
2025-05-29,STKS,81,702,8.67,09:48:00
2025-05-29,GAIN,2,5,2.5,09:48:00
2025-05-29,IMMP,8,1,0.12,09:48:00
2025-05-29,GME,189258,34503,0.18,14:38:00
2025-05-29,TSLA,560300,353995,0.63,14:38:00
2025-05-29,AMC,35672,7637,0.21,14:38:00
2025-05-29,AAPL,252563,103093,0.41,14:38:00
2025-05-29,NVDA,1353994,972809,0.72,14:38:00
2025-05-29,BYSI,215,0,0,14:38:00
2025-05-29,SLSR,1474,0,0,14:38:00
2025-05-29,STKS,81,702,8.67,14:38:00
2025-05-29,GAIN,10,5,0.5,14:38:00
2025-05-29,IMMP,12,10,0.83,14:38:00
2025-05-29,GME,209421,41067,0.2,22:57:00
2025-05-29,TSLA,713695,461128,0.65,22:57:00
2025-05-29,AMC,39319,8689,0.22,22:57:00
2025-05-29,AAPL,308315,161803,0.52,22:57:00
2025-05-29,NVDA,1653157,1205601,0.73,22:57:00
2025-05-29,BYSI,215,0,0,22:57:00
2025-05-29,SLSR,1474,0,0,22:57:00
2025-05-29,STKS,171,702,4.11,22:57:00
2025-05-29,GAIN,10,11,1.1,22:57:00
2025-05-29,IMMP,12,10,0.83,22:57:00
2025-05-30,GME,48869,17063,0.35,11:42:00
2025-05-30,TSLA,496092,298358,0.6,11:42:00
2025-05-30,AMC,16221,4027,0.25,11:42:00
2025-05-30,AAPL,88599,59244,0.67,11:42:00
2025-05-30,NVDA,688879,397740,0.58,11:42:00
2025-05-30,BYSI,1,0,0,11:42:00
2025-05-30,SLSR,1474,0,0,11:42:00
2025-05-30,STKS,251,702,2.8,11:42:00
2025-05-30,GAIN,14,11,0.79,11:42:00
2025-05-30,IMMP,12,10,0.83,11:42:00
2025-05-30,GME,86911,30551,0.35,15:32:00
2025-05-30,TSLA,1241497,776626,0.63,15:32:00
2025-05-30,AMC,26101,9550,0.37,15:32:00
2025-05-30,AAPL,164915,120404,0.73,15:32:00
2025-05-30,NVDA,1510517,831967,0.55,15:32:00
2025-05-30,BYSI,1,0,0,15:32:00
2025-05-30,SLSR,1474,0,0,15:32:00
2025-05-30,STKS,251,702,2.8,15:32:00
2025-05-30,GAIN,14,11,0.79,15:32:00
2025-05-30,IMMP,12,12,1,15:32:00
2025-05-30,GME,56801,17452,0.31,22:30:00
2025-05-30,TSLA,510731,437154,0.86,22:30:00
2025-05-30,AMC,37920,9368,0.25,22:30:00
2025-05-30,AAPL,136234,80276,0.59,22:30:00
2025-05-30,NVDA,874473,428693,0.49,22:30:00
2025-05-30,BYSI,1,0,0,22:30:00
2025-05-30,SLSR,1474,0,0,22:30:00
2025-05-30,STKS,251,702,2.8,22:30:00
2025-05-30,GAIN,15,11,0.73,22:30:00
2025-05-30,IMMP,12,13,1.08,22:30:00
2025-06-02,GME,25030,7268,0.29,10:47:00
2025-06-02,TSLA,194037,171050,0.88,10:47:00
2025-06-02,AMC,21558,6025,0.28,10:47:00
2025-06-02,AAPL,51282,25596,0.5,10:47:00
2025-06-02,NVDA,227536,132150,0.58,10:47:00
2025-06-02,BYSI,1,0,0,10:47:00
2025-06-02,SLSR,1474,0,0,10:47:00
2025-06-02,STKS,251,702,2.8,10:47:00
2025-06-02,GAIN,15,11,0.73,10:47:00
2025-06-02,IMMP,12,13,1.08,10:47:00
2025-06-02,GME,47217,18712,0.4,14:11:00
2025-06-02,TSLA,445062,363521,0.82,14:11:00
2025-06-02,AMC,34247,7790,0.23,14:11:00
2025-06-02,AAPL,113100,49756,0.44,14:11:00
2025-06-02,NVDA,501934,282804,0.56,14:11:00
2025-06-02,BYSI,1,0,0,14:11:00
2025-06-02,SLSR,1474,0,0,14:11:00
2025-06-02,STKS,11,702,63.82,14:11:00
2025-06-02,GAIN,35,11,0.31,14:11:00
2025-06-02,IMMP,12,13,1.08,14:11:00
2025-06-02,GME,72936,22377,0.31,16:55:00
2025-06-02,TSLA,586554,443848,0.76,16:55:00
2025-06-02,AMC,40468,9085,0.22,16:55:00
2025-06-02,AAPL,145533,63634,0.44,16:55:00
2025-06-02,NVDA,677993,421125,0.62,16:55:00
2025-06-02,BYSI,1,0,0,16:55:00
2025-06-02,SLSR,1474,0,0,16:55:00
2025-06-02,STKS,11,702,63.82,16:55:00
2025-06-02,GAIN,46,11,0.24,16:55:00
2025-06-02,IMMP,2,13,6.5,16:55:00
2025-06-03,GME,35099,7303,0.21,14:19:00
2025-06-03,TSLA,508534,283187,0.56,14:19:00
2025-06-03,AMC,14733,5445,0.37,14:19:00
2025-06-03,AAPL,133391,47170,0.35,14:19:00
2025-06-03,NVDA,768958,405273,0.53,14:19:00
2025-06-03,BYSI,1,0,0,14:19:00
2025-06-03,SLSR,1474,0,0,14:19:00
2025-06-03,STKS,11,702,63.82,14:19:00
2025-06-03,GAIN,11,8,0.73,14:19:00
2025-06-03,IMMP,2,5,2.5,14:19:00
2025-06-03,GME,53008,9604,0.18,20:10:00
2025-06-03,TSLA,642910,401444,0.62,20:10:00
2025-06-03,AMC,18430,6231,0.34,20:10:00
2025-06-03,AAPL,149783,56333,0.38,20:10:00
2025-06-03,NVDA,856469,525392,0.61,20:10:00
2025-06-03,BYSI,1,0,0,20:10:00
2025-06-03,SLSR,1474,0,0,20:10:00
2025-06-03,STKS,11,702,63.82,20:10:00
2025-06-03,GAIN,11,8,0.73,20:10:00
2025-06-03,IMMP,2,5,2.5,20:10:00
2025-06-04,GME,27500,8674,0.32,11:26:00
2025-06-04,TSLA,406089,324648,0.8,11:26:00
2025-06-04,AMC,5702,1421,0.25,11:26:00
2025-06-04,AAPL,120983,55526,0.46,11:26:00
2025-06-04,NVDA,275014,231901,0.84,11:26:00
2025-06-04,BYSI,1,0,0,11:26:00
2025-06-04,SLSR,1474,0,0,11:26:00
2025-06-04,STKS,11,702,63.82,11:26:00
2025-06-04,GAIN,11,8,0.73,11:26:00
2025-06-04,IMMP,2,5,2.5,11:26:00
2025-06-04,GME,83742,16474,0.2,15:38:00
2025-06-04,TSLA,710905,486800,0.68,15:38:00
2025-06-04,AMC,14878,2387,0.16,15:38:00
2025-06-04,AAPL,205832,115576,0.56,15:38:00
2025-06-04,NVDA,545755,370875,0.68,15:38:00
2025-06-04,BYSI,1,0,0,15:38:00
2025-06-04,SLSR,1474,0,0,15:38:00
2025-06-04,STKS,16,702,43.88,15:38:00
2025-06-04,GAIN,11,8,0.73,15:38:00
2025-06-04,IMMP,2,5,2.5,15:38:00
2025-06-04,GME,92134,18357,0.2,21:24:00
2025-06-04,TSLA,779946,528190,0.68,21:24:00
2025-06-04,AMC,16459,2458,0.15,21:24:00
2025-06-04,AAPL,233990,133406,0.57,21:24:00
2025-06-04,NVDA,623830,414785,0.66,21:24:00
2025-06-04,BYSI,1,0,0,21:24:00
2025-06-04,SLSR,1474,0,0,21:24:00
2025-06-04,STKS,16,702,43.88,21:24:00
2025-06-04,GAIN,11,8,0.73,21:24:00
2025-06-04,IMMP,2,1,0.5,21:24:00
2025-06-05,GME,17965,4739,0.26,11:09:00
2025-06-05,TSLA,398105,376681,0.95,11:09:00
2025-06-05,AMC,3535,371,0.1,11:09:00
2025-06-05,AAPL,75148,36611,0.49,11:09:00
2025-06-05,NVDA,219667,171898,0.78,11:09:00
2025-06-05,BYSI,1,0,0,11:09:00
2025-06-05,SLSR,1474,0,0,11:09:00
2025-06-05,STKS,16,702,43.88,11:09:00
2025-06-05,GAIN,11,8,0.73,11:09:00
2025-06-05,IMMP,2,1,0.5,11:09:00
2025-06-05,GME,70313,17008,0.24,16:52:00
2025-06-05,TSLA,1763386,2471710,1.4,16:52:00
2025-06-05,AMC,16451,1515,0.09,16:52:00
2025-06-05,AAPL,217017,118274,0.54,16:52:00
2025-06-05,NVDA,944895,700182,0.74,16:52:00
2025-06-05,BYSI,1,0,0,16:52:00
2025-06-05,SLSR,1474,0,0,16:52:00
2025-06-05,STKS,16,702,43.88,16:52:00
2025-06-05,GAIN,11,8,0.73,16:52:00
2025-06-05,IMMP,2,1,0.5,16:52:00
2025-06-06,GME,15070,3077,0.2,10:33:00
2025-06-06,TSLA,338461,409316,1.21,10:33:00
2025-06-06,AMC,3762,651,0.17,10:33:00
2025-06-06,AAPL,80901,38329,0.47,10:33:00
2025-06-06,NVDA,222023,144926,0.65,10:33:00
2025-06-06,BYSI,1,0,0,10:33:00
2025-06-06,SLSR,1474,0,0,10:33:00
2025-06-06,STKS,16,702,43.88,10:33:00
2025-06-06,GAIN,11,8,0.73,10:33:00
2025-06-06,IMMP,2,1,0.5,10:33:00
2025-06-06,GME,29091,5166,0.18,12:15:00
2025-06-06,TSLA,833982,892610,1.07,12:15:00
2025-06-06,AMC,8102,1674,0.21,12:15:00
2025-06-06,AAPL,150269,69761,0.46,12:15:00
2025-06-06,NVDA,464951,250269,0.54,12:15:00
2025-06-06,BYSI,1,0,0,12:15:00
2025-06-06,SLSR,1474,0,0,12:15:00
2025-06-06,STKS,11,263,23.91,12:15:00
2025-06-06,GAIN,11,8,0.73,12:15:00
2025-06-06,IMMP,2,2,1,12:15:00
2025-06-06,GME,43845,9146,0.21,14:27:00
2025-06-06,TSLA,1099451,1167038,1.06,14:27:00
2025-06-06,AMC,11819,2264,0.19,14:27:00
2025-06-06,AAPL,216265,107739,0.5,14:27:00
2025-06-06,NVDA,667492,351810,0.53,14:27:00
2025-06-06,BYSI,1,0,0,14:27:00
2025-06-06,SLSR,1474,0,0,14:27:00
2025-06-06,STKS,16,263,16.44,14:27:00
2025-06-06,GAIN,11,8,0.73,14:27:00
2025-06-06,IMMP,2,2,1,14:27:00
2025-06-06,GME,43138,11950,0.28,20:43:00
2025-06-06,TSLA,450202,577707,1.28,20:43:00
2025-06-06,AMC,18401,3063,0.17,20:43:00
2025-06-06,AAPL,153390,70222,0.46,20:43:00
2025-06-06,NVDA,539700,302953,0.56,20:43:00
2025-06-06,BYSI,1,0,0,20:43:00
2025-06-06,SLSR,1474,0,0,20:43:00
2025-06-06,STKS,16,263,16.44,20:43:00
2025-06-06,GAIN,11,9,0.82,20:43:00
2025-06-06,IMMP,2,2,1,20:43:00
2025-06-09,GME,32657,11471,0.35,12:02:00
2025-06-09,TSLA,352114,350654,1,12:02:00
2025-06-09,AMC,13842,2998,0.22,12:02:00
2025-06-09,AAPL,117441,48697,0.41,12:02:00
2025-06-09,NVDA,475456,294117,0.62,12:02:00
2025-06-09,BYSI,1,0,0,12:02:00
2025-06-09,SLSR,1474,0,0,12:02:00
2025-06-09,STKS,16,263,16.44,12:02:00
2025-06-09,GAIN,11,9,0.82,12:02:00
2025-06-09,IMMP,2,1,0.5,12:02:00
2025-06-09,GME,71354,21560,0.3,22:41:00
2025-06-09,TSLA,784093,672163,0.86,22:41:00
2025-06-09,AMC,26938,4538,0.17,22:41:00
2025-06-09,AAPL,404127,255283,0.63,22:41:00
2025-06-09,NVDA,790354,452851,0.57,22:41:00
2025-06-09,BYSI,61,0,0,22:41:00
2025-06-09,SLSR,1474,10,0.01,22:41:00
2025-06-09,STKS,16,263,16.44,22:41:00
2025-06-09,GAIN,11,9,0.82,22:41:00
2025-06-09,IMMP,2,1,0.5,22:41:00
2025-06-10,GME,37121,17434,0.47,13:48:00
2025-06-10,TSLA,623123,382842,0.61,13:48:00
2025-06-10,AMC,7309,537,0.07,13:48:00
2025-06-10,AAPL,218412,93296,0.43,13:48:00
2025-06-10,NVDA,309930,165329,0.53,13:48:00
2025-06-10,BYSI,22,0,0,13:48:00
2025-06-10,SLSR,1474,10,0.01,13:48:00
2025-06-10,STKS,16,263,16.44,13:48:00
2025-06-10,GAIN,11,9,0.82,13:48:00
2025-06-10,IMMP,2,1,0.5,13:48:00
2025-06-10,GME,32657,11471,0.35,15:35:00
2025-06-10,TSLA,352114,350654,1,15:35:00
2025-06-10,AMC,8438,872,0.1,15:35:00
2025-06-10,AAPL,260943,119099,0.46,15:35:00
2025-06-10,NVDA,426182,215460,0.51,15:35:00
2025-06-10,BYSI,1,0,0,15:35:00
2025-06-10,SLSR,2,0,0,15:35:00
2025-06-10,STKS,16,263,16.44,15:35:00
2025-06-10,GAIN,11,9,0.82,15:35:00
2025-06-10,IMMP,2,1,0.5,15:35:00
2025-06-10,GME,83057,43876,0.53,21:28:00
2025-06-10,TSLA,1026875,601921,0.59,21:28:00
2025-06-10,AMC,10003,1034,0.1,21:28:00
2025-06-10,AAPL,287233,133335,0.46,21:28:00
2025-06-10,NVDA,523528,254691,0.49,21:28:00
2025-06-10,BYSI,70,0,0,21:28:00
2025-06-10,SLSR,1474,10,0.01,21:28:00
2025-06-10,STKS,16,263,16.44,21:28:00
2025-06-10,GAIN,11,9,0.82,21:28:00
2025-06-10,IMMP,2,1,0.5,21:28:00
2025-06-11,GME,88517,38928,0.44,13:11:00
2025-06-11,TSLA,610959,403164,0.66,13:11:00
2025-06-11,AMC,9402,2451,0.26,13:11:00
2025-06-11,AAPL,210784,105213,0.5,13:11:00
2025-06-11,NVDA,396744,226797,0.57,13:11:00
2025-06-11,BYSI,2,0,0,13:11:00
2025-06-11,SLSR,1474,10,0.01,13:11:00
2025-06-11,STKS,16,263,16.44,13:11:00
2025-06-11,GAIN,11,9,0.82,13:11:00
2025-06-11,IMMP,2,1,0.5,13:11:00
2025-06-11,GME,106151,44225,0.42,15:26:00
2025-06-11,TSLA,854877,561924,0.66,15:26:00
2025-06-11,AMC,11009,2585,0.23,15:26:00
2025-06-11,AAPL,288106,151448,0.53,15:26:00
2025-06-11,NVDA,521953,305319,0.58,15:26:00
2025-06-11,BYSI,3,0,0,15:26:00
2025-06-11,SLSR,1474,10,0.01,15:26:00
2025-06-11,STKS,16,263,16.44,15:26:00
2025-06-11,GAIN,11,9,0.82,15:26:00
2025-06-11,IMMP,2,1,0.5,15:26:00
2025-06-11,GME,124512,47529,0.38,22:14:00
2025-06-11,TSLA,952724,633745,0.67,22:14:00
2025-06-11,AMC,11914,2650,0.22,22:14:00
2025-06-11,AAPL,338738,176065,0.52,22:14:00
2025-06-11,NVDA,600549,360812,0.6,22:14:00
2025-06-11,BYSI,222,0,0,22:14:00
2025-06-11,SLSR,1474,10,0.01,22:14:00
2025-06-11,STKS,16,266,16.62,22:14:00
2025-06-11,GAIN,11,9,0.82,22:14:00
2025-06-11,IMMP,2,1,0.5,22:14:00
2025-06-12,GME,124512,47529,0.38,09:25:00
2025-06-12,TSLA,952380,633745,0.67,09:25:00
2025-06-12,AMC,11917,2650,0.22,09:25:00
2025-06-12,AAPL,338738,176065,0.52,09:25:00
2025-06-12,NVDA,600544,360812,0.6,09:25:00
2025-06-12,BYSI,222,0,0,09:25:00
2025-06-12,SLSR,1474,10,0.01,09:25:00
2025-06-12,STKS,16,266,16.62,09:25:00
2025-06-12,GAIN,11,9,0.82,09:25:00
2025-06-12,IMMP,2,1,0.5,09:25:00
2025-06-12,GME,110049,87047,0.79,11:52:00
2025-06-12,TSLA,367019,230726,0.63,11:52:00
2025-06-12,AMC,6119,2235,0.37,11:52:00
2025-06-12,AAPL,121055,71210,0.59,11:52:00
2025-06-12,NVDA,388475,223889,0.58,11:52:00
2025-06-12,BYSI,1,0,0,11:52:00
2025-06-12,SLSR,1474,10,0.01,11:52:00
2025-06-12,STKS,16,266,16.62,11:52:00
2025-06-12,GAIN,13,9,0.69,11:52:00
2025-06-12,IMMP,2,6,3,11:52:00
2025-06-12,GME,271736,207583,0.76,19:41:00
2025-06-12,TSLA,946489,696588,0.74,19:41:00
2025-06-12,AMC,8152,3406,0.42,19:41:00
2025-06-12,AAPL,238571,127352,0.53,19:41:00
2025-06-12,NVDA,682871,487581,0.71,19:41:00
2025-06-12,BYSI,1,0,0,19:41:00
2025-06-12,SLSR,1474,10,0.01,19:41:00
2025-06-12,STKS,26,266,10.23,19:41:00
2025-06-12,GAIN,13,18,1.38,19:41:00
2025-06-12,IMMP,2,6,3,19:41:00
2025-06-13,GME,90163,24755,0.27,11:42:00
2025-06-13,TSLA,454225,368996,0.81,11:42:00
2025-06-13,AMC,2115,825,0.39,11:42:00
2025-06-13,AAPL,195516,123532,0.63,11:42:00
2025-06-13,NVDA,434858,250979,0.58,11:42:00
2025-06-13,BYSI,1,0,0,11:42:00
2025-06-13,SLSR,1474,10,0.01,11:42:00
2025-06-13,STKS,26,266,10.23,11:42:00
2025-06-13,GAIN,13,18,1.38,11:42:00
2025-06-13,IMMP,2,6,3,11:42:00
2025-06-13,GME,130056,45087,0.35,15:55:00
2025-06-13,TSLA,1544547,1193645,0.77,15:55:00
2025-06-13,AMC,4383,1533,0.35,15:55:00
2025-06-13,AAPL,299250,193627,0.65,15:55:00
2025-06-13,NVDA,835987,513551,0.61,15:55:00
2025-06-13,BYSI,1,0,0,15:55:00
2025-06-13,SLSR,1474,10,0.01,15:55:00
2025-06-13,STKS,26,266,10.23,15:55:00
2025-06-13,GAIN,13,18,1.38,15:55:00
2025-06-13,IMMP,2,6,3,15:55:00
2025-06-13,GME,104699,33981,0.32,20:08:00
2025-06-13,TSLA,626669,581428,0.93,20:08:00
2025-06-13,AMC,14780,3335,0.23,20:08:00
2025-06-13,AAPL,205081,251537,1.23,20:08:00
2025-06-13,NVDA,655180,488363,0.75,20:08:00
2025-06-13,BYSI,1,0,0,20:08:00
2025-06-13,SLSR,1474,10,0.01,20:08:00
2025-06-13,STKS,26,266,10.23,20:08:00
2025-06-13,GAIN,13,18,1.38,20:08:00
2025-06-13,IMMP,2,6,3,20:08:00
2025-06-14,GME,104794,33994,0.32,09:21:00
2025-06-14,TSLA,626669,581430,0.93,09:21:00
2025-06-14,AMC,14768,3337,0.23,09:21:00
2025-06-14,AAPL,205081,251537,1.23,09:21:00
2025-06-14,NVDA,655188,486667,0.74,09:21:00
2025-06-14,BYSI,1,0,0,09:21:00
2025-06-14,SLSR,1474,10,0.01,09:21:00
2025-06-14,STKS,26,266,10.23,09:21:00
2025-06-14,GAIN,13,18,1.38,09:21:00
2025-06-14,IMMP,2,6,3,09:21:00
2025-06-14,GME,104794,33994,0.32,14:56:00
2025-06-14,TSLA,626669,581430,0.93,14:56:00
2025-06-14,AMC,14768,3337,0.23,14:56:00
2025-06-14,AAPL,205081,251537,1.23,14:56:00
2025-06-14,NVDA,655188,486667,0.74,14:56:00
2025-06-14,BYSI,1,0,0,14:56:00
2025-06-14,SLSR,1474,10,0.01,14:56:00
2025-06-14,STKS,26,266,10.23,14:56:00
2025-06-14,GAIN,13,18,1.38,14:56:00
2025-06-14,IMMP,2,6,3,14:56:00
2025-06-16,GME,91320,19615,0.21,12:01:00
2025-06-16,TSLA,328960,269443,0.82,12:01:00
2025-06-16,AMC,12865,1559,0.12,12:01:00
2025-06-16,AAPL,145583,103742,0.71,12:01:00
2025-06-16,NVDA,527830,352498,0.67,12:01:00
2025-06-16,BYSI,1,0,0,12:01:00
2025-06-16,SLSR,1474,10,0.01,12:01:00
2025-06-16,STKS,26,266,10.23,12:01:00
2025-06-16,GAIN,13,18,1.38,12:01:00
2025-06-16,IMMP,2,6,3,12:01:00
2025-06-16,GME,128585,29436,0.23,15:32:00
2025-06-16,TSLA,543941,374160,0.69,15:32:00
2025-06-16,AMC,20286,2370,0.12,15:32:00
2025-06-16,AAPL,216865,165006,0.76,15:32:00
2025-06-16,NVDA,769175,490301,0.64,15:32:00
2025-06-16,BYSI,14,0,0,15:32:00
2025-06-16,SLSR,1474,10,0.01,15:32:00
2025-06-16,STKS,26,266,10.23,15:32:00
2025-06-16,GAIN,13,19,1.46,15:32:00
2025-06-16,IMMP,2,6,3,15:32:00
2025-06-16,GME,141332,31230,0.22,23:32:00
2025-06-16,TSLA,608062,422785,0.7,23:32:00
2025-06-16,AMC,21697,2681,0.12,23:32:00
2025-06-16,AAPL,247354,285748,1.16,23:32:00
2025-06-16,NVDA,853166,567607,0.67,23:32:00
2025-06-16,BYSI,14,1,0.07,23:32:00
2025-06-16,SLSR,1474,10,0.01,23:32:00
2025-06-16,STKS,26,266,10.23,23:32:00
2025-06-16,GAIN,13,19,1.46,23:32:00
2025-06-16,IMMP,2,6,3,23:32:00
2025-06-17,GME,39971,13138,0.33,12:17:00
2025-06-17,TSLA,320810,324779,1.01,12:17:00
2025-06-17,AMC,4066,1585,0.39,12:17:00
2025-06-17,AAPL,74311,75130,1.01,12:17:00
2025-06-17,NVDA,234139,227102,0.97,12:17:00
2025-06-17,BYSI,14,1,0.07,12:17:00
2025-06-17,SLSR,1474,10,0.01,12:17:00
2025-06-17,STKS,26,266,10.23,12:17:00
2025-06-17,GAIN,23,19,0.83,12:17:00
2025-06-17,IMMP,2,6,3,12:17:00
2025-06-17,GME,60677,24236,0.4,15:25:00
2025-06-17,TSLA,584195,576983,0.99,15:25:00
2025-06-17,AMC,9517,2934,0.31,15:25:00
2025-06-17,AAPL,145304,262890,1.81,15:25:00
2025-06-17,NVDA,425950,348613,0.82,15:25:00
2025-06-17,BYSI,14,1,0.07,15:25:00
2025-06-17,SLSR,1474,10,0.01,15:25:00
2025-06-17,STKS,26,6,0.23,15:25:00
2025-06-17,GAIN,27,19,0.7,15:25:00
2025-06-17,IMMP,2,6,3,15:25:00
2025-06-17,GME,75167,28849,0.38,22:27:00
2025-06-17,TSLA,668847,732864,1.1,22:27:00
2025-06-17,AMC,9806,3244,0.33,22:27:00
2025-06-17,AAPL,172480,407938,2.37,22:27:00
2025-06-17,NVDA,490839,387317,0.79,22:27:00
2025-06-17,BYSI,27,30,1.11,22:27:00
2025-06-17,SLSR,1474,10,0.01,22:27:00
2025-06-17,STKS,26,102,3.92,22:27:00
2025-06-17,GAIN,28,19,0.68,22:27:00
2025-06-17,IMMP,2,1,0.5,22:27:00
2025-06-18,GME,13220,12650,0.96,10:09:00
2025-06-18,TSLA,85009,133148,1.57,10:09:00
2025-06-18,AMC,1554,720,0.46,10:09:00
2025-06-18,AAPL,16829,218016,12.95,10:09:00
2025-06-18,NVDA,71490,125360,1.75,10:09:00
2025-06-18,BYSI,27,30,1.11,10:09:00
2025-06-18,SLSR,1474,10,0.01,10:09:00
2025-06-18,STKS,26,398,15.31,10:09:00
2025-06-18,GAIN,28,19,0.68,10:09:00
2025-06-18,IMMP,2,1,0.5,10:09:00
2025-06-18,GME,86065,20700,0.24,17:33:00
2025-06-18,TSLA,864085,843202,0.98,17:33:00
2025-06-18,AMC,7590,3513,0.46,17:33:00
2025-06-18,AAPL,224621,328326,1.46,17:33:00
2025-06-18,NVDA,694568,500857,0.72,17:33:00
2025-06-18,BYSI,17,1,0.06,17:33:00
2025-06-18,SLSR,1474,10,0.01,17:33:00
2025-06-18,STKS,401,1118,2.79,17:33:00
2025-06-18,GAIN,23,19,0.83,17:33:00
2025-06-18,IMMP,2,1,0.5,17:33:00
2025-06-19,GME,86065,20701,0.24,12:13:00
2025-06-19,TSLA,855646,843213,0.99,12:13:00
2025-06-19,AMC,7590,3513,0.46,12:13:00
2025-06-19,AAPL,225307,328326,1.46,12:13:00
2025-06-19,NVDA,694636,500519,0.72,12:13:00
2025-06-19,BYSI,17,1,0.06,12:13:00
2025-06-19,SLSR,1474,10,0.01,12:13:00
2025-06-19,STKS,401,1118,2.79,12:13:00
2025-06-19,GAIN,23,19,0.83,12:13:00
2025-06-19,IMMP,2,1,0.5,12:13:00
2025-06-19,GME,86065,20701,0.24,20:23:00
2025-06-19,TSLA,855646,843213,0.99,20:23:00
2025-06-19,AMC,7590,3513,0.46,20:23:00
2025-06-19,AAPL,225307,328326,1.46,20:23:00
2025-06-19,NVDA,694636,500519,0.72,20:23:00
2025-06-19,BYSI,17,1,0.06,20:23:00
2025-06-19,SLSR,1474,10,0.01,20:23:00
2025-06-19,STKS,401,1118,2.79,20:23:00
2025-06-19,GAIN,23,19,0.83,20:23:00
2025-06-19,IMMP,2,1,0.5,20:23:00
2025-06-20,GME,86065,20701,0.24,09:32:00
2025-06-20,TSLA,855646,843213,0.99,09:32:00
2025-06-20,AMC,7590,3513,0.46,09:32:00
2025-06-20,AAPL,225307,328326,1.46,09:32:00
2025-06-20,NVDA,694636,500519,0.72,09:32:00
2025-06-20,BYSI,17,1,0.06,09:32:00
2025-06-20,SLSR,1474,10,0.01,09:32:00
2025-06-20,STKS,401,1118,2.79,09:32:00
2025-06-20,GAIN,23,19,0.83,09:32:00
2025-06-20,IMMP,2,1,0.5,09:32:00
2025-06-20,GME,52443,16491,0.31,13:56:00
2025-06-20,TSLA,1017370,708381,0.7,13:56:00
2025-06-20,AMC,7185,3098,0.43,13:56:00
2025-06-20,AAPL,223852,183890,0.82,13:56:00
2025-06-20,NVDA,709835,520873,0.73,13:56:00
2025-06-20,BYSI,52,10,0.19,13:56:00
2025-06-20,SLSR,1474,10,0.01,13:56:00
2025-06-20,STKS,401,1118,2.79,13:56:00
2025-06-20,GAIN,23,19,0.83,13:56:00
2025-06-20,IMMP,2,1,0.5,13:56:00
2025-06-20,GME,55642,17166,0.31,21:07:00
2025-06-20,TSLA,411325,385640,0.94,21:07:00
2025-06-20,AMC,10156,2640,0.26,21:07:00
2025-06-20,AAPL,144168,96419,0.67,21:07:00
2025-06-20,NVDA,541630,316913,0.59,21:07:00
2025-06-20,BYSI,9,10,1.11,21:07:00
2025-06-20,SLSR,0,1,,21:07:00
2025-06-20,STKS,365,0,0,21:07:00
2025-06-20,GAIN,33,9,0.27,21:07:00
2025-06-20,IMMP,10,7,0.7,21:07:00
2025-06-23,GME,55649,17166,0.31,09:39:00
2025-06-23,TSLA,414879,386334,0.93,09:39:00
2025-06-23,AMC,10156,2641,0.26,09:39:00
2025-06-23,AAPL,144168,96419,0.67,09:39:00
2025-06-23,NVDA,541627,316913,0.59,09:39:00
2025-06-23,BYSI,9,10,1.11,09:39:00
2025-06-23,SLSR,0,1,,09:39:00
2025-06-23,STKS,365,0,0,09:39:00
2025-06-23,GAIN,33,9,0.27,09:39:00
2025-06-23,IMMP,10,7,0.7,09:39:00
2025-06-23,GME,53633,14439,0.27,13:47:00
2025-06-23,TSLA,1165222,775159,0.67,13:47:00
2025-06-23,AMC,19058,2172,0.11,13:47:00
2025-06-23,AAPL,136075,84183,0.62,13:47:00
2025-06-23,NVDA,363040,233006,0.64,13:47:00
2025-06-23,BYSI,9,10,1.11,13:47:00
2025-06-23,SLSR,0,1,,13:47:00
2025-06-23,STKS,365,0,0,13:47:00
2025-06-23,GAIN,33,12,0.36,13:47:00
2025-06-23,IMMP,11,6,0.55,13:47:00
2025-06-23,GME,67839,17855,0.26,23:32:00
2025-06-23,TSLA,1382857,951652,0.69,23:32:00
2025-06-23,AMC,20561,2774,0.13,23:32:00
2025-06-23,AAPL,176897,108932,0.62,23:32:00
2025-06-23,NVDA,486746,361102,0.74,23:32:00
2025-06-23,BYSI,7,5,0.71,23:32:00
2025-06-23,SLSR,0,1,,23:32:00
2025-06-23,STKS,5,0,0,23:32:00
2025-06-23,GAIN,33,15,0.45,23:32:00
2025-06-23,IMMP,11,7,0.64,23:32:00
2025-06-24,GME,9387,1706,0.18,10:40:00
2025-06-24,TSLA,237995,206334,0.87,10:40:00
2025-06-24,AMC,3127,436,0.14,10:40:00
2025-06-24,AAPL,68632,34779,0.51,10:40:00
2025-06-24,NVDA,304720,142296,0.47,10:40:00
2025-06-24,BYSI,7,5,0.71,10:40:00
2025-06-24,SLSR,0,1,,10:40:00
2025-06-24,STKS,5,0,0,10:40:00
2025-06-24,GAIN,33,15,0.45,10:40:00
2025-06-24,IMMP,13,7,0.54,10:40:00
2025-06-24,GME,40224,8471,0.21,14:14:00
2025-06-24,TSLA,609778,503962,0.83,14:14:00
2025-06-24,AMC,7458,1266,0.17,14:14:00
2025-06-24,AAPL,211233,77668,0.37,14:14:00
2025-06-24,NVDA,509949,349888,0.69,14:14:00
2025-06-24,BYSI,7,5,0.71,14:14:00
2025-06-24,SLSR,0,1,,14:14:00
2025-06-24,STKS,35,0,0,14:14:00
2025-06-24,GAIN,33,15,0.45,14:14:00
2025-06-24,IMMP,13,7,0.54,14:14:00
2025-06-24,GME,54197,10775,0.2,22:11:00
2025-06-24,TSLA,744727,611184,0.82,22:11:00
2025-06-24,AMC,9693,1912,0.2,22:11:00
2025-06-24,AAPL,260796,103266,0.4,22:11:00
2025-06-24,NVDA,645341,466698,0.72,22:11:00
2025-06-24,BYSI,7,5,0.71,22:11:00
2025-06-24,SLSR,0,1,,22:11:00
2025-06-24,STKS,35,0,0,22:11:00
2025-06-24,GAIN,33,15,0.45,22:11:00
2025-06-24,IMMP,13,7,0.54,22:11:00
2025-06-25,GME,21681,8052,0.37,12:57:00
2025-06-25,TSLA,785521,665169,0.85,12:57:00
2025-06-25,AMC,4598,1613,0.35,12:57:00
2025-06-25,AAPL,126745,51759,0.41,12:57:00
2025-06-25,NVDA,1122539,431006,0.38,12:57:00
2025-06-25,BYSI,7,5,0.71,12:57:00
2025-06-25,SLSR,0,1,,12:57:00
2025-06-25,STKS,180,0,0,12:57:00
2025-06-25,GAIN,33,15,0.45,12:57:00
2025-06-25,IMMP,13,5,0.38,12:57:00
2025-06-25,GME,31298,10216,0.33,15:24:00
2025-06-25,TSLA,934923,777096,0.83,15:24:00
2025-06-25,AMC,5368,2193,0.41,15:24:00
2025-06-25,AAPL,169578,64252,0.38,15:24:00
2025-06-25,NVDA,1506916,677356,0.45,15:24:00
2025-06-25,BYSI,8,5,0.62,15:24:00
2025-06-25,SLSR,0,1,,15:24:00
2025-06-25,STKS,180,0,0,15:24:00
2025-06-25,GAIN,33,15,0.45,15:24:00
2025-06-25,IMMP,13,5,0.38,15:24:00
2025-06-25,GME,37435,11471,0.31,22:57:00
2025-06-25,TSLA,1071654,867758,0.81,22:57:00
2025-06-25,AMC,5596,2382,0.43,22:57:00
2025-06-25,AAPL,197683,81489,0.41,22:57:00
2025-06-25,NVDA,1756615,817359,0.47,22:57:00
2025-06-25,BYSI,8,5,0.62,22:57:00
2025-06-25,SLSR,0,1,,22:57:00
2025-06-25,STKS,180,0,0,22:57:00
2025-06-25,GAIN,33,15,0.45,22:57:00
2025-06-25,IMMP,13,5,0.38,22:57:00
2025-06-26,GME,27625,7994,0.29,11:49:00
2025-06-26,TSLA,397986,330288,0.83,11:49:00
2025-06-26,AMC,1856,596,0.32,11:49:00
2025-06-26,AAPL,124112,64694,0.52,11:49:00
2025-06-26,NVDA,581050,340016,0.59,11:49:00
2025-06-26,BYSI,8,5,0.62,11:49:00
2025-06-26,SLSR,0,1,,11:49:00
2025-06-26,STKS,180,0,0,11:49:00
2025-06-26,GAIN,33,15,0.45,11:49:00
2025-06-26,IMMP,13,5,0.38,11:49:00
2025-06-26,GME,33368,10358,0.31,13:53:00
2025-06-26,TSLA,571113,448615,0.79,13:53:00
2025-06-26,AMC,4854,1109,0.23,13:53:00
2025-06-26,AAPL,206570,82758,0.4,13:53:00
2025-06-26,NVDA,737133,447687,0.61,13:53:00
2025-06-26,BYSI,8,5,0.62,13:53:00
2025-06-26,SLSR,0,1,,13:53:00
2025-06-26,STKS,180,0,0,13:53:00
2025-06-26,GAIN,34,15,0.44,13:53:00
2025-06-26,IMMP,13,5,0.38,13:53:00
2025-06-26,GME,53961,15666,0.29,17:32:00
2025-06-26,TSLA,781053,645774,0.83,17:32:00
2025-06-26,AMC,7614,1287,0.17,17:32:00
2025-06-26,AAPL,276137,110236,0.4,17:32:00
2025-06-26,NVDA,963086,588151,0.61,17:32:00
2025-06-26,BYSI,8,5,0.62,17:32:00
2025-06-26,SLSR,0,1,,17:32:00
2025-06-26,STKS,115,0,0,17:32:00
2025-06-26,GAIN,34,15,0.44,17:32:00
2025-06-26,IMMP,13,5,0.38,17:32:00
2025-06-27,GME,30865,7620,0.25,12:47:00
2025-06-27,TSLA,617611,563903,0.91,12:47:00
2025-06-27,AMC,3435,1275,0.37,12:47:00
2025-06-27,AAPL,179352,88307,0.49,12:47:00
2025-06-27,NVDA,676952,412291,0.61,12:47:00
2025-06-27,BYSI,8,5,0.62,12:47:00
2025-06-27,SLSR,0,1,,12:47:00
2025-06-27,STKS,20,2,0.1,12:47:00
2025-06-27,GAIN,34,8,0.24,12:47:00
2025-06-27,IMMP,6,5,0.83,12:47:00
2025-06-27,GME,53489,10254,0.19,14:33:00
2025-06-27,TSLA,800130,750936,0.94,14:33:00
2025-06-27,AMC,4204,1376,0.33,14:33:00
2025-06-27,AAPL,243922,110707,0.45,14:33:00
2025-06-27,NVDA,903466,526393,0.58,14:33:00
2025-06-27,BYSI,8,5,0.62,14:33:00
2025-06-27,SLSR,0,1,,14:33:00
2025-06-27,STKS,65,2,0.03,14:33:00
2025-06-27,GAIN,34,8,0.24,14:33:00
2025-06-27,IMMP,6,5,0.83,14:33:00
2025-06-27,GME,57808,16120,0.28,23:47:00
2025-06-27,TSLA,366229,409665,1.12,23:47:00
2025-06-27,AMC,11262,2248,0.2,23:47:00
2025-06-27,AAPL,175691,71686,0.41,23:47:00
2025-06-27,NVDA,629385,431250,0.69,23:47:00
2025-06-27,BYSI,8,5,0.62,23:47:00
2025-06-27,SLSR,0,1,,23:47:00
2025-06-27,STKS,65,2,0.03,23:47:00
2025-06-27,GAIN,34,13,0.38,23:47:00
2025-06-27,IMMP,6,5,0.83,23:47:00
2025-06-30,GME,36596,7700,0.21,12:18:00
2025-06-30,TSLA,290391,280242,0.97,12:18:00
2025-06-30,AMC,9789,1013,0.1,12:18:00
2025-06-30,AAPL,146458,61167,0.42,12:18:00
2025-06-30,NVDA,339924,240936,0.71,12:18:00
2025-06-30,BYSI,8,5,0.62,12:18:00
2025-06-30,SLSR,0,1,,12:18:00
2025-06-30,STKS,65,22,0.34,12:18:00
2025-06-30,GAIN,34,13,0.38,12:18:00
2025-06-30,IMMP,6,6,1,12:18:00
2025-06-30,GME,53106,12806,0.24,15:03:00
2025-06-30,TSLA,386457,368946,0.95,15:03:00
2025-06-30,AMC,15162,1400,0.09,15:03:00
2025-06-30,AAPL,197248,81847,0.41,15:03:00
2025-06-30,NVDA,475973,315504,0.66,15:03:00
2025-06-30,BYSI,8,5,0.62,15:03:00
2025-06-30,SLSR,0,1,,15:03:00
2025-06-30,STKS,65,22,0.34,15:03:00
2025-06-30,GAIN,34,16,0.47,15:03:00
2025-06-30,IMMP,3,6,2,15:03:00
2025-06-30,GME,72355,15921,0.22,22:34:00
2025-06-30,TSLA,459045,450692,0.98,22:34:00
2025-06-30,AMC,17632,1592,0.09,22:34:00
2025-06-30,AAPL,653138,190049,0.29,22:34:00
2025-06-30,NVDA,599449,378926,0.63,22:34:00
2025-06-30,BYSI,8,5,0.62,22:34:00
2025-06-30,SLSR,0,1,,22:34:00
2025-06-30,STKS,65,22,0.34,22:34:00
2025-06-30,GAIN,37,16,0.43,22:34:00
2025-06-30,IMMP,3,6,2,22:34:00
2025-07-01,GME,15466,4600,0.3,10:52:00
2025-07-01,TSLA,379810,333404,0.88,10:52:00
2025-07-01,AMC,6928,4763,0.69,10:52:00
2025-07-01,AAPL,383896,73788,0.19,10:52:00
2025-07-01,NVDA,135308,120201,0.89,10:52:00
2025-07-01,BYSI,8,5,0.62,10:52:00
2025-07-01,SLSR,0,1,,10:52:00
2025-07-01,STKS,65,22,0.34,10:52:00
2025-07-01,GAIN,37,16,0.43,10:52:00
2025-07-01,IMMP,3,6,2,10:52:00
2025-07-01,GME,38429,13300,0.35,22:23:00
2025-07-01,TSLA,775527,849321,1.1,22:23:00
2025-07-01,AMC,11283,8212,0.73,22:23:00
2025-07-01,AAPL,699504,199927,0.29,22:23:00
2025-07-01,NVDA,796127,457446,0.57,22:23:00
2025-07-01,BYSI,8,5,0.62,22:23:00
2025-07-01,SLSR,0,1,,22:23:00
2025-07-01,STKS,27,22,0.81,22:23:00
2025-07-01,GAIN,37,41,1.11,22:23:00
2025-07-01,IMMP,5,6,1.2,22:23:00
2025-07-02,GME,9169,1259,0.14,10:42:00
2025-07-02,TSLA,300965,267948,0.89,10:42:00
2025-07-02,AMC,1424,269,0.19,10:42:00
2025-07-02,AAPL,320046,116359,0.36,10:42:00
2025-07-02,NVDA,288007,143184,0.5,10:42:00
2025-07-02,BYSI,8,5,0.62,10:42:00
2025-07-02,SLSR,0,1,,10:42:00
2025-07-02,STKS,27,22,0.81,10:42:00
2025-07-02,GAIN,37,41,1.11,10:42:00
2025-07-02,IMMP,5,6,1.2,10:42:00
