Date,Ticker,Price,Change,Volume,Avg Vol,Float,Float Short,Short Rat,Short Int,RSI(14D),Rel Vol,Perf (M),Perf (W),Time
2025-05-19,GME,28.45,-0.63%,"6,485,491",10.16M,,11.92%,4.79,,60.96,0.62,8.38%,3.30%,07:44:00
2025-05-19,TSLA,349.98,2.09%,"95,487,608",122.43M,,2.90%,0.66,,71.83,0.74,44.89%,17.34%,07:44:00
2025-05-19,AMC,2.95,4.98%,"26,017,476",8.72M,,14.51%,7.17,,65.32,3.05,5.36%,8.06%,07:44:00
2025-05-19,AAPL,211.26,-0.09%,"54,680,452",60.79M,,0.73%,1.79,,54.79,0.88,8.75%,6.41%,07:44:00
2025-05-19,NVDA,135.4,0.42%,"225,842,368",285.30M,,1.07%,0.88,,72.92,0.77,29.58%,16.07%,07:44:00
2025-05-19,BYSI,1.66,-1.19%,"5,356",20.58K,,6.27%,89.31,,51.79,0.26,31.75%,-1.19%,07:44:00
2025-05-19,SLSR,3.82,-1.04%,"10,563",57.67K,,2.81%,43.49,,46.55,0.18,9.80%,-9.48%,07:44:00
2025-05-19,STKS,4.26,-3.40%,"72,058",74.28K,,7.28%,24.04,,68.95,0.97,57.78%,10.08%,07:44:00
2025-05-19,GAIN,14.7,1.45%,"154,205",131.53K,,8.46%,23.12,,68.59,1.17,7.38%,6.91%,07:44:00
2025-05-19,IMMP,2.03,2.53%,"104,486",276.05K,,2.80%,14.71,,58.69,0.37,40.00%,9.73%,07:44:00
2025-05-19,GME,27.97,-1.69%,"2,860,972",10.16M,,11.92%,4.79,,56.88,0.39,4.44%,-0.29%,14:24:00
2025-05-19,TSLA,340.36,-2.75%,"66,178,903",122.43M,,2.90%,0.66,,66.9,0.75,41.01%,6.90%,14:24:00
2025-05-19,AMC,2.88,-2.37%,"5,423,333",8.72M,,14.51%,7.17,,58.12,0.86,3.60%,5.49%,14:24:00
2025-05-19,AAPL,208.24,-1.43%,"28,601,070",60.79M,,0.73%,1.79,,51.41,0.65,5.72%,-1.21%,14:24:00
2025-05-19,NVDA,135.4,0.00%,"142,869,382",285.30M,,1.07%,0.88,,72.93,0.69,33.42%,10.09%,14:24:00
2025-05-19,BYSI,1.72,3.61%,"4,159",20.58K,,6.27%,89.31,,54.19,0.28,31.30%,4.24%,14:24:00
2025-05-19,SLSR,3.77,-1.44%,"9,138",57.67K,,2.81%,43.49,,45,0.22,9.13%,-9.93%,14:24:00
2025-05-19,STKS,4.22,-1.06%,"19,661",74.28K,,7.28%,24.04,,67.51,0.37,51.62%,-3.77%,14:24:00
2025-05-19,GAIN,14.88,1.21%,"125,583",131.53K,,8.46%,23.12,,70.84,1.32,7.11%,5.97%,14:24:00
2025-05-19,IMMP,2.06,1.48%,"90,487",276.05K,,2.80%,14.71,,59.66,0.45,33.77%,10.16%,14:24:00
2025-05-20,GME,27.89,-1.97%,"4,223,534",10.24M,,11.92%,4.76,,56.25,0.41,4.14%,-0.57%,09:05:00
2025-05-20,TSLA,342.09,-2.25%,"88,869,856",123.93M,,2.90%,0.66,,67.73,0.72,41.73%,7.45%,09:05:00
2025-05-20,AMC,2.9,-1.69%,"6,958,704",8.61M,,14.51%,7.26,,60.01,0.79,4.32%,6.23%,09:05:00
2025-05-20,AAPL,208.78,-1.17%,"46,140,528",61.21M,,0.73%,1.77,,51.99,0.74,5.99%,-0.95%,09:05:00
2025-05-20,NVDA,135.57,0.13%,"193,154,576",286.78M,,1.07%,0.87,,73.04,0.67,33.58%,10.22%,09:05:00
2025-05-20,BYSI,1.67,0.60%,"4,470",20.58K,,6.27%,89.31,,52.21,0.22,27.48%,1.21%,09:05:00
2025-05-20,SLSR,3.84,0.52%,"9,653",57.16K,,2.81%,43.89,,47.21,0.17,11.30%,-8.13%,09:05:00
2025-05-20,STKS,4.3,0.94%,"40,402",73.33K,,7.28%,24.35,,69.52,0.54,54.68%,-1.83%,09:05:00
2025-05-20,GAIN,14.91,1.43%,"159,890",131.18K,,8.46%,23.18,,71.21,1.22,7.34%,6.20%,09:05:00
2025-05-20,IMMP,2.04,0.49%,"124,371",279.36K,,2.80%,14.54,,59.02,0.44,32.47%,9.09%,09:05:00
2025-05-20,GME,28.43,1.94%,"2,332,039",10.24M,,11.92%,4.76,,59.5,0.45,6.20%,0.14%,12:52:00
2025-05-20,TSLA,349.99,2.31%,"68,134,974",123.93M,,2.90%,0.66,,69.6,1.09,53.84%,4.77%,12:52:00
2025-05-20,AMC,2.94,1.32%,"2,541,468",8.61M,,14.51%,7.26,,62.52,0.58,9.23%,7.24%,12:52:00
2025-05-20,AAPL,207.89,-0.43%,"18,080,261",61.21M,,0.73%,1.77,,50.97,0.58,7.62%,-2.37%,12:52:00
2025-05-20,NVDA,134.34,-0.91%,"89,791,653",286.78M,,1.07%,0.87,,70.63,0.62,38.62%,3.39%,12:52:00
2025-05-20,BYSI,1.74,4.19%,934,20.58K,,6.27%,89.31,,55.14,0.09,29.85%,1.16%,12:52:00
2025-05-20,SLSR,3.85,0.26%,"1,779",57.16K,,2.81%,43.89,,47.56,0.06,13.57%,-6.55%,12:52:00
2025-05-20,STKS,3.66,-14.88%,"47,906",73.33K,,7.28%,24.35,,52.67,1.3,31.18%,-19.21%,12:52:00
2025-05-20,GAIN,14.92,0.06%,"126,481",131.18K,,8.46%,23.18,,71.32,1.91,10.10%,6.19%,12:52:00
2025-05-20,IMMP,1.99,-2.45%,"69,243",279.36K,,2.80%,14.54,,56.61,0.5,31.79%,5.29%,12:52:00
2025-05-20,GME,28.51,2.22%,"4,746,474",10.24M,,11.92%,4.76,,59.94,0.46,6.50%,0.42%,17:38:00
2025-05-20,TSLA,343.82,0.51%,"130,497,437",123.93M,,2.90%,0.66,,68.16,1.05,51.13%,2.92%,17:38:00
2025-05-20,AMC,3.01,3.79%,"7,838,673",8.61M,,14.51%,7.26,,66.47,0.91,11.90%,9.85%,17:38:00
2025-05-20,AAPL,206.86,-0.92%,"40,940,352",61.21M,,0.73%,1.77,,49.86,0.67,7.09%,-2.85%,17:38:00
2025-05-20,NVDA,134.38,-0.88%,"160,115,618",286.78M,,1.07%,0.87,,70.7,0.56,38.66%,3.42%,17:38:00
2025-05-20,BYSI,1.72,3.19%,"1,331",20.58K,,6.27%,89.31,,54.47,0.06,28.60%,0.18%,17:38:00
2025-05-20,SLSR,3.95,2.86%,"16,483",57.16K,,2.81%,43.89,,50.82,0.29,16.52%,-4.13%,17:38:00
2025-05-20,STKS,3.63,-15.58%,"87,911",73.33K,,7.28%,24.35,,52.08,1.2,30.11%,-19.87%,17:38:00
2025-05-20,GAIN,14.93,0.13%,"204,678",131.18K,,8.46%,23.18,,71.45,1.56,10.18%,6.26%,17:38:00
2025-05-20,IMMP,2.01,-1.47%,"111,850",279.36K,,2.80%,14.54,,57.55,0.4,33.11%,6.35%,17:38:00
2025-05-20,GME,28.51,2.22%,"4,746,474",10.24M,408.69M,11.92%,4.76,48.71M,59.94,0.46,6.50%,0.42%,21:30:00
2025-05-20,TSLA,343.82,0.51%,"130,497,437",123.93M,2.80B,2.90%,0.66,81.32M,68.16,1.05,51.13%,2.92%,21:30:00
2025-05-20,AMC,3.01,3.79%,"7,838,673",8.61M,430.80M,14.51%,7.26,62.49M,66.47,0.91,11.90%,9.85%,21:30:00
2025-05-20,AAPL,206.86,-0.92%,"40,940,352",61.21M,14.92B,0.73%,1.77,108.60M,49.86,0.67,7.09%,-2.85%,21:30:00
2025-05-20,NVDA,134.38,-0.88%,"160,115,618",286.78M,23.39B,1.07%,0.87,249.77M,70.7,0.56,38.66%,3.42%,21:30:00
2025-05-20,BYSI,1.72,3.19%,"1,331",20.58K,29.31M,6.27%,89.31,1.84M,54.47,0.06,28.60%,0.18%,21:30:00
2025-05-20,SLSR,3.95,2.86%,"16,483",57.16K,89.21M,2.81%,43.89,2.51M,50.82,0.29,16.52%,-4.13%,21:30:00
2025-05-20,STKS,3.63,-15.58%,"87,911",73.33K,24.52M,7.28%,24.35,1.79M,52.08,1.2,30.11%,-19.87%,21:30:00
2025-05-20,GAIN,14.93,0.13%,"204,678",131.18K,35.95M,8.46%,23.18,3.04M,71.45,1.56,10.18%,6.26%,21:30:00
2025-05-20,IMMP,2.01,-1.47%,"111,850",279.36K,144.81M,2.80%,14.54,4.06M,57.55,0.4,33.11%,6.35%,21:30:00
2025-05-21,GME,28.94,1.51%,"3,546,261",10.19M,408.69M,11.92%,4.78,48.71M,62.31,0.91,4.10%,0.73%,12:01:00
2025-05-21,TSLA,344,0.05%,"41,637,890",125.31M,2.80B,2.90%,0.65,81.32M,68.21,0.87,44.56%,-1.06%,12:01:00
2025-05-21,AMC,3,-0.33%,"3,186,090",8.61M,430.80M,14.51%,7.26,62.49M,65.43,0.97,10.29%,9.49%,12:01:00
2025-05-21,AAPL,206.48,-0.18%,"14,391,954",61.37M,14.92B,0.73%,1.77,108.60M,49.43,0.62,3.37%,-2.76%,12:01:00
2025-05-21,NVDA,136.48,1.56%,"82,828,908",287.07M,23.39B,1.07%,0.87,249.77M,72.38,0.76,38.01%,0.84%,12:01:00
2025-05-21,BYSI,1.64,-4.83%,758,20.41K,29.31M,6.27%,90.04,1.84M,50.45,0.1,20.59%,-2.64%,12:01:00
2025-05-21,SLSR,4.13,4.56%,"9,186",57.01K,89.21M,2.81%,44,2.51M,56.11,0.43,14.56%,5.63%,12:01:00
2025-05-21,STKS,3.58,-1.38%,"17,968",73.95K,24.52M,7.28%,24.15,1.79M,51.05,0.64,24.74%,-14.96%,12:01:00
2025-05-21,GAIN,14.73,-1.34%,"90,411",132.40K,35.95M,8.46%,22.97,3.04M,65.47,1.81,9.60%,3.01%,12:01:00
2025-05-21,IMMP,2,-0.53%,"38,076",280.64K,144.81M,2.80%,14.47,4.06M,57.01,0.36,30.68%,9.26%,12:01:00
2025-05-21,GME,28.38,-0.46%,"5,845,019",10.19M,408.69M,11.92%,4.78,48.71M,58.82,0.79,2.09%,-1.22%,14:23:00
2025-05-21,TSLA,338.33,-1.60%,"72,902,828",125.31M,2.80B,2.90%,0.65,81.32M,65.2,0.8,42.17%,-2.69%,14:23:00
2025-05-21,AMC,2.96,-1.61%,"6,846,849",8.61M,430.80M,14.51%,7.26,62.49M,61.74,1.09,8.88%,8.09%,14:23:00
2025-05-21,AAPL,202.99,-1.87%,"33,990,987",61.37M,14.92B,0.73%,1.77,108.60M,45.79,0.76,1.63%,-4.40%,14:23:00
2025-05-21,NVDA,133.31,-0.80%,"172,985,874",287.07M,23.39B,1.07%,0.87,249.77M,68.58,0.83,34.81%,-1.50%,14:23:00
2025-05-21,BYSI,1.7,-1.35%,"2,108",20.41K,29.31M,6.27%,90.04,1.84M,53.29,0.14,25.00%,0.92%,14:23:00
2025-05-21,SLSR,4.14,4.81%,"19,010",57.01K,89.21M,2.81%,44,2.51M,56.37,0.46,14.84%,5.88%,14:23:00
2025-05-21,STKS,3.54,-2.48%,"42,078",73.95K,24.52M,7.28%,24.15,1.79M,50.25,0.78,23.34%,-15.91%,14:23:00
2025-05-21,GAIN,14.68,-1.67%,"133,582",132.40K,35.95M,8.46%,22.97,3.04M,64.13,1.39,9.23%,2.66%,14:23:00
2025-05-21,IMMP,1.9,-5.50%,"60,256",280.64K,144.81M,2.80%,14.47,4.06M,52.38,0.3,24.14%,3.79%,14:23:00
2025-05-21,GME,28.05,-1.61%,"8,696,206",10.19M,408.69M,11.92%,4.78,48.71M,56.15,0.85,0.90%,-2.37%,23:30:00
2025-05-21,TSLA,334.62,-2.68%,"101,439,825",125.31M,2.80B,2.90%,0.65,81.32M,63.34,0.81,40.61%,-3.76%,23:30:00
2025-05-21,AMC,2.93,-2.66%,"9,649,429",8.61M,430.80M,14.51%,7.26,62.49M,59.01,1.12,7.72%,6.93%,23:30:00
2025-05-21,AAPL,202.09,-2.31%,"59,032,193",61.37M,14.92B,0.73%,1.77,108.60M,44.94,0.96,1.18%,-4.82%,23:30:00
2025-05-21,NVDA,131.8,-1.92%,"269,019,580",287.07M,23.39B,1.07%,0.87,249.77M,65.79,0.94,33.28%,-2.62%,23:30:00
2025-05-21,BYSI,1.68,-2.51%,"2,356",20.41K,29.31M,6.27%,90.04,1.84M,52.31,0.12,23.53%,-0.27%,23:30:00
2025-05-21,SLSR,4.28,8.35%,"59,813",57.01K,89.21M,2.81%,44,2.51M,59.72,1.05,18.72%,9.46%,23:30:00
2025-05-21,STKS,3.62,-0.41%,"69,023",73.95K,24.52M,7.28%,24.15,1.79M,51.77,0.93,25.96%,-14.13%,23:30:00
2025-05-21,GAIN,14.66,-1.81%,"200,761",132.40K,35.95M,8.46%,22.97,3.04M,63.61,1.52,9.08%,2.52%,23:30:00
2025-05-21,IMMP,1.94,-3.48%,"103,987",280.64K,144.81M,2.80%,14.47,4.06M,54.17,0.37,26.80%,6.01%,23:30:00
2025-05-22,GME,30.23,7.77%,"6,373,868",10.23M,408.69M,11.92%,4.76,48.71M,66.84,2.54,11.47%,5.59%,11:05:00
2025-05-22,TSLA,342,2.21%,"36,115,389",125.77M,2.80B,2.90%,0.65,81.32M,65.45,1.17,36.40%,-0.24%,11:05:00
2025-05-22,AMC,3.12,6.49%,"5,300,287",8.59M,430.80M,14.51%,7.27,62.49M,68.15,2.52,15.13%,11.04%,11:05:00
2025-05-22,AAPL,200.78,-0.65%,"15,544,278",61.47M,14.92B,0.73%,1.77,108.60M,43.66,1.03,-1.87%,-5.05%,11:05:00
2025-05-22,NVDA,132.93,0.86%,"65,600,209",287.75M,23.39B,1.07%,0.87,249.77M,66.87,0.93,29.42%,-1.41%,11:05:00
2025-05-22,BYSI,1.78,5.95%,"1,003",20.40K,29.31M,6.27%,90.1,1.84M,56.6,0.2,18.66%,5.95%,11:05:00
2025-05-22,SLSR,4.27,-0.23%,"22,547",57.52K,89.21M,2.81%,43.61,2.51M,59.37,1.6,8.65%,10.62%,11:05:00
2025-05-22,STKS,3.62,0.04%,"7,911",73.64K,24.52M,7.28%,24.26,1.79M,51.8,0.44,22.18%,-17.99%,11:05:00
2025-05-22,GAIN,14.59,-0.51%,"30,436",134.28K,35.95M,8.46%,22.65,3.04M,61.59,0.93,7.01%,0.66%,11:05:00
2025-05-22,IMMP,1.95,0.52%,"31,356",281.07K,144.81M,2.80%,14.45,4.06M,54.58,0.46,20.37%,-1.52%,11:05:00
2025-05-22,GME,29.71,5.92%,"13,273,800",10.23M,408.69M,11.92%,4.76,48.71M,64.79,1.74,9.55%,3.77%,14:31:00
2025-05-22,TSLA,345.12,3.14%,"69,990,655",125.77M,2.80B,2.90%,0.65,81.32M,66.27,0.75,37.64%,0.67%,14:31:00
2025-05-22,AMC,3.15,7.51%,"12,785,071",8.59M,430.80M,14.51%,7.27,62.49M,69.23,1.99,16.24%,12.10%,14:31:00
2025-05-22,AAPL,202.17,0.04%,"29,190,484",61.47M,14.92B,0.73%,1.77,108.60M,45.03,0.64,-1.19%,-4.39%,14:31:00
2025-05-22,NVDA,133.43,1.24%,"129,144,315",287.75M,23.39B,1.07%,0.87,249.77M,67.34,0.6,29.91%,-1.03%,14:31:00
2025-05-22,BYSI,1.74,3.57%,"1,725",20.40K,29.31M,6.27%,90.1,1.84M,54.98,0.11,16.00%,3.57%,14:31:00
2025-05-22,SLSR,4.31,0.70%,"30,922",57.52K,89.21M,2.81%,43.61,2.51M,60.42,0.73,9.67%,11.66%,14:31:00
2025-05-22,STKS,3.73,3.23%,"33,601",73.64K,24.52M,7.28%,24.26,1.79M,54.08,0.61,26.07%,-15.38%,14:31:00
2025-05-22,GAIN,14.62,-0.27%,"72,181",134.28K,35.95M,8.46%,22.65,3.04M,62.52,0.72,7.26%,0.90%,14:31:00
2025-05-22,IMMP,1.96,1.03%,"67,343",281.07K,144.81M,2.80%,14.45,4.06M,54.98,0.32,20.99%,-1.01%,14:31:00
2025-05-22,GME,30.86,10.02%,"21,039,472",10.23M,408.69M,11.92%,4.76,48.71M,69.02,2.06,13.79%,7.79%,20:43:00
2025-05-22,TSLA,341.04,1.92%,"96,492,414",125.77M,2.80B,2.90%,0.65,81.32M,65.19,0.77,36.01%,-0.52%,20:43:00
2025-05-22,AMC,3.24,10.58%,"18,739,062",8.59M,430.80M,14.51%,7.27,62.49M,72.08,2.18,19.56%,15.30%,20:43:00
2025-05-22,AAPL,201.36,-0.36%,"46,572,344",61.47M,14.92B,0.73%,1.77,108.60M,44.22,0.76,-1.58%,-4.77%,20:43:00
2025-05-22,NVDA,132.83,0.78%,"185,831,907",287.75M,23.39B,1.07%,0.87,249.77M,66.78,0.65,29.33%,-1.48%,20:43:00
2025-05-22,BYSI,1.68,0.00%,"5,016",20.40K,29.31M,6.27%,90.1,1.84M,52.31,0.25,12.00%,0.00%,20:43:00
2025-05-22,SLSR,4.14,-3.27%,"44,260",57.52K,88.34M,2.84%,43.61,2.51M,55.16,0.77,5.34%,7.25%,20:43:00
2025-05-22,STKS,3.63,0.41%,"60,450",73.64K,24.52M,7.28%,24.26,1.79M,52.08,0.82,22.64%,-17.69%,20:43:00
2025-05-22,GAIN,14.62,-0.27%,"100,136",134.28K,35.95M,8.46%,22.65,3.04M,62.52,0.75,7.26%,0.90%,20:43:00
2025-05-22,IMMP,1.97,1.55%,"108,350",281.07K,144.81M,2.80%,14.45,4.06M,55.38,0.39,21.60%,-0.51%,20:43:00
2025-05-23,GME,32,3.69%,"8,043,553",10.41M,408.69M,11.92%,4.68,48.71M,72.54,4.7,18.17%,12.48%,10:32:00
2025-05-23,TSLA,337.37,-1.08%,"25,892,239",125.31M,2.80B,2.90%,0.65,81.32M,63.23,1.26,30.00%,-3.60%,10:32:00
2025-05-23,AMC,3.2,-1.08%,"6,006,913",8.76M,430.80M,14.51%,7.13,62.49M,69.39,4.17,18.27%,8.64%,10:32:00
2025-05-23,AAPL,196.91,-2.21%,"25,525,519",61.23M,14.92B,0.73%,1.77,108.60M,40.02,2.53,-5.50%,-6.79%,10:32:00
2025-05-23,NVDA,130.9,-1.46%,"54,552,780",286.16M,23.39B,1.07%,0.87,249.77M,63.08,1.16,22.99%,-3.33%,10:32:00
2025-05-23,BYSI,1.66,-1.19%,425,20.15K,29.31M,6.27%,91.2,1.84M,51.21,0.13,1.18%,0.00%,10:32:00
2025-05-23,SLSR,4.24,2.54%,987,57.31K,88.34M,2.84%,43.77,2.51M,57.76,0.11,2.04%,11.13%,10:32:00
2025-05-23,STKS,3.63,0.14%,"1,921",73.43K,24.52M,7.28%,24.32,1.79M,52.19,0.16,26.22%,-14.67%,10:32:00
2025-05-23,GAIN,14.59,-0.24%,"12,932",133.74K,35.95M,8.46%,22.74,3.04M,61.52,0.59,5.00%,-0.78%,10:32:00
2025-05-23,IMMP,1.87,-4.90%,"7,595",278.33K,144.81M,2.80%,14.59,4.06M,50.73,0.17,11.51%,-7.71%,10:32:00
2025-05-23,GME,32.58,5.57%,"23,533,106",10.41M,408.69M,11.92%,4.68,48.71M,74.04,2.82,20.31%,14.52%,14:54:00
2025-05-23,TSLA,340.98,-0.02%,"69,566,707",125.31M,2.80B,2.90%,0.65,81.32M,65.16,0.69,31.39%,-2.57%,14:54:00
2025-05-23,AMC,3.24,0.00%,"11,562,879",8.76M,430.80M,14.51%,7.13,62.49M,72.08,1.64,19.56%,9.83%,14:54:00
2025-05-23,AAPL,195.63,-2.85%,"56,802,717",61.23M,14.92B,0.73%,1.77,108.60M,38.95,1.16,-6.11%,-7.40%,14:54:00
2025-05-23,NVDA,132,-0.62%,"150,544,482",286.16M,23.39B,1.07%,0.87,249.77M,65.14,0.66,24.03%,-2.51%,14:54:00
2025-05-23,BYSI,1.69,0.60%,"7,258",20.15K,29.31M,6.27%,91.2,1.84M,52.81,0.45,3.00%,1.81%,14:54:00
2025-05-23,SLSR,4.47,7.97%,"28,490",57.31K,88.34M,2.84%,43.77,2.51M,62.44,0.62,7.45%,17.02%,14:54:00
2025-05-23,STKS,3.73,2.75%,"34,190",73.43K,24.52M,7.28%,24.32,1.79M,54.19,0.58,29.51%,-12.44%,14:54:00
2025-05-23,GAIN,14.64,0.14%,"47,821",133.74K,35.95M,8.46%,22.74,3.04M,62.86,0.45,5.40%,-0.41%,14:54:00
2025-05-23,IMMP,1.93,-2.03%,"60,653",278.33K,144.81M,2.80%,14.59,4.06M,53.35,0.27,14.88%,-4.93%,14:54:00
2025-05-23,GME,33.03,7.03%,"30,179,862",10.41M,408.69M,11.92%,4.68,48.71M,75.1,2.9,21.97%,16.10%,21:07:00
2025-05-23,TSLA,339.34,-0.50%,"84,254,503",125.31M,2.80B,2.90%,0.65,81.32M,64.27,0.67,30.76%,-3.04%,21:07:00
2025-05-23,AMC,3.24,0.00%,"14,603,492",8.76M,430.80M,14.51%,7.13,62.49M,72.08,1.67,19.56%,9.83%,21:07:00
2025-05-23,AAPL,195.27,-3.02%,"77,933,585",61.23M,14.92B,0.73%,1.77,108.60M,38.66,1.27,-6.29%,-7.57%,21:07:00
2025-05-23,NVDA,131.29,-1.16%,"197,066,818",286.16M,23.39B,1.07%,0.87,249.77M,63.8,0.69,23.36%,-3.04%,21:07:00
2025-05-23,BYSI,1.7,1.19%,"7,899",20.15K,29.31M,6.27%,91.2,1.84M,53.3,0.39,3.61%,2.41%,21:07:00
2025-05-23,SLSR,4.52,9.18%,"74,193",57.31K,88.34M,2.84%,43.77,2.51M,63.34,1.29,8.65%,18.32%,21:07:00
2025-05-23,STKS,3.73,2.75%,"64,619",73.43K,24.52M,7.28%,24.32,1.79M,54.19,0.88,29.51%,-12.44%,21:07:00
2025-05-23,GAIN,14.68,0.41%,"70,106",133.74K,35.95M,8.46%,22.74,3.04M,63.53,0.52,5.69%,-0.14%,21:07:00
2025-05-23,IMMP,1.94,-1.52%,"86,502",278.33K,144.81M,2.80%,14.59,4.06M,53.84,0.31,15.48%,-4.43%,21:07:00
2025-05-27,GME,33.67,1.94%,"11,540,934",10.72M,408.69M,11.92%,4.54,48.71M,76.56,8.75,22.61%,20.72%,10:15:00
2025-05-27,TSLA,354.34,4.42%,"23,703,782",124.67M,2.80B,2.90%,0.65,81.32M,68.51,1.54,24.35%,3.58%,10:15:00
2025-05-27,AMC,3.52,8.60%,"9,343,863",8.86M,430.80M,14.51%,7.06,62.49M,79.05,8.57,29.85%,21.34%,10:15:00
2025-05-27,AAPL,198.24,1.52%,"9,181,544",61.50M,14.92B,0.73%,1.77,108.60M,42.46,1.21,-5.28%,-5.05%,10:15:00
2025-05-27,NVDA,134.62,2.54%,"39,479,870",284.79M,23.39B,1.07%,0.88,249.77M,67.21,1.13,21.27%,-0.70%,10:15:00
2025-05-27,BYSI,1.71,0.29%,"3,349",19.96K,29.31M,6.27%,92.07,1.84M,53.56,1.39,6.56%,2.10%,10:15:00
2025-05-27,SLSR,4.3,-4.87%,"1,333",57.57K,88.34M,2.84%,43.57,2.51M,56.87,0.19,-1.37%,11.98%,10:15:00
2025-05-27,STKS,3.81,2.14%,"3,251",73.29K,24.53M,7.28%,24.37,1.79M,55.87,0.36,30.48%,-11.40%,10:15:00
2025-05-27,GAIN,14.81,0.89%,"18,086",132.75K,35.95M,8.46%,22.91,3.04M,65.69,1.11,6.01%,-0.67%,10:15:00
2025-05-27,IMMP,1.96,1.03%,"66,787",275.33K,144.81M,2.80%,14.75,4.06M,54.74,2.01,20.25%,-3.92%,10:15:00
2025-05-27,GME,35.46,7.36%,"23,031,146",10.72M,408.69M,11.92%,4.54,48.71M,79.86,4.4,29.13%,27.14%,12:45:00
2025-05-27,TSLA,358.45,5.63%,"60,799,957",124.67M,2.80B,2.90%,0.65,81.32M,69.5,1,25.79%,4.78%,12:45:00
2025-05-27,AMC,3.97,22.65%,"42,501,013",8.86M,430.80M,14.51%,7.06,62.49M,85.12,9.82,46.64%,37.03%,12:45:00
2025-05-27,AAPL,200.07,2.46%,"26,769,200",61.50M,14.92B,0.73%,1.77,108.60M,44.57,0.89,-4.40%,-4.17%,12:45:00
2025-05-27,NVDA,135.32,3.07%,"104,670,582",284.79M,23.39B,1.07%,0.88,249.77M,67.85,0.75,21.90%,-0.18%,12:45:00
2025-05-27,BYSI,1.74,2.35%,"4,466",19.96K,29.31M,6.27%,92.07,1.84M,55.31,0.47,8.75%,4.19%,12:45:00
2025-05-27,SLSR,4.38,-3.21%,"9,336",57.57K,88.34M,2.84%,43.57,2.51M,58.92,0.33,0.34%,13.93%,12:45:00
2025-05-27,STKS,3.92,5.09%,"12,111",73.29K,24.53M,7.28%,24.37,1.79M,57.99,0.34,34.25%,-8.84%,12:45:00
2025-05-27,GAIN,14.88,1.37%,"82,951",132.75K,35.95M,8.46%,22.91,3.04M,66.77,1.28,6.52%,-0.19%,12:45:00
2025-05-27,IMMP,1.99,2.32%,"103,809",275.33K,144.81M,2.80%,14.75,4.06M,55.82,0.77,21.78%,-2.70%,12:45:00
2025-05-27,GME,35.01,5.99%,"33,083,741",10.72M,408.69M,11.92%,4.54,48.71M,79.12,3.09,27.49%,25.53%,23:11:00
2025-05-27,TSLA,362.89,6.94%,"117,929,824",124.67M,2.80B,2.90%,0.65,81.32M,70.51,0.95,27.35%,6.08%,23:11:00
2025-05-27,AMC,4.01,23.77%,"66,283,968",8.86M,430.80M,14.51%,7.06,62.49M,85.45,7.48,47.97%,38.28%,23:11:00
2025-05-27,AAPL,200.21,2.53%,"55,807,766",61.50M,14.92B,0.73%,1.77,108.60M,44.73,0.91,-4.33%,-4.10%,23:11:00
2025-05-27,NVDA,135.5,3.21%,"191,322,395",284.79M,23.39B,1.07%,0.88,249.77M,68.01,0.67,22.06%,-0.05%,23:11:00
2025-05-27,BYSI,1.76,3.52%,"4,604",19.96K,29.31M,6.27%,92.07,1.84M,56.25,0.23,9.99%,5.38%,23:11:00
2025-05-27,SLSR,4.39,-2.83%,"81,555",57.57K,88.34M,2.84%,43.57,2.51M,59.41,1.42,0.73%,14.38%,23:11:00
2025-05-27,STKS,3.8,1.88%,"48,457",73.29K,24.53M,7.28%,24.37,1.79M,55.67,0.66,30.14%,-11.63%,23:11:00
2025-05-27,GAIN,14.93,1.70%,"212,608",132.75K,35.95M,8.46%,22.91,3.04M,67.48,1.6,6.87%,0.13%,23:11:00
2025-05-27,IMMP,1.99,2.58%,"158,459",275.33K,144.81M,2.80%,14.75,4.06M,56.03,0.58,22.09%,-2.45%,23:11:00
2025-05-28,GME,31.28,-10.65%,"28,949,609",11.46M,408.69M,12.12%,4.32,49.52M,59.6,7.23,13.38%,9.73%,11:48:00
2025-05-28,TSLA,362.81,-0.02%,"42,600,200",126.02M,2.80B,3.03%,0.67,85.02M,70.46,0.97,26.91%,5.52%,11:48:00
2025-05-28,AMC,3.53,-11.97%,"19,000,634",9.67M,430.80M,14.91%,6.64,64.23M,64.66,5.62,29.78%,17.27%,11:48:00
2025-05-28,AAPL,201.24,0.51%,"16,556,293",62.42M,14.92B,0.70%,1.68,105.17M,45.93,0.76,-4.24%,-2.72%,11:48:00
2025-05-28,NVDA,135.85,0.25%,"80,141,229",280.84M,23.39B,1.04%,0.87,243.99M,68.33,0.82,24.94%,1.09%,11:48:00
2025-05-28,BYSI,1.67,-5.11%,"1,083",20.54K,29.31M,6.28%,89.69,1.84M,51.04,0.15,6.37%,-3.09%,11:48:00
2025-05-28,SLSR,4.33,-1.41%,"6,111",57.98K,88.34M,2.84%,43.26,2.51M,57.54,0.31,-3.56%,9.62%,11:48:00
2025-05-28,STKS,3.62,-4.74%,"15,457",73.44K,24.53M,7.09%,23.69,1.74M,51.11,0.6,19.47%,-0.28%,11:48:00
2025-05-28,GAIN,14.89,-0.27%,"69,461",135.95K,35.95M,8.60%,22.75,3.09M,66.24,1.46,6.74%,-0.27%,11:48:00
2025-05-28,IMMP,1.96,-1.47%,"27,031",287.18K,144.81M,2.83%,14.27,4.10M,54.41,0.28,18.84%,-2.45%,11:48:00
2025-05-28,GME,31.21,-10.85%,"45,013,193",11.46M,408.69M,12.12%,4.32,49.52M,59.31,3.93,13.12%,9.47%,17:01:00
2025-05-28,TSLA,356.9,-1.65%,"89,592,163",126.02M,2.80B,3.03%,0.67,85.02M,67.29,0.71,24.84%,3.80%,17:01:00
2025-05-28,AMC,3.46,-13.72%,"32,760,758",9.67M,430.80M,14.91%,6.64,64.23M,62.45,3.39,27.21%,14.95%,17:01:00
2025-05-28,AAPL,200.42,0.10%,"43,908,376",62.42M,14.92B,0.70%,1.68,105.17M,44.98,0.7,-4.63%,-3.11%,17:01:00
2025-05-28,NVDA,134.81,-0.51%,"269,669,315",280.84M,23.39B,1.04%,0.87,243.99M,66.64,0.96,23.99%,0.32%,17:01:00
2025-05-28,BYSI,1.66,-5.68%,"8,469",20.54K,29.31M,6.28%,89.69,1.84M,50.52,0.41,5.73%,-3.67%,17:01:00
2025-05-28,SLSR,4.39,-0.05%,"41,270",57.98K,88.34M,2.84%,43.26,2.51M,59.35,0.71,-2.23%,11.14%,17:01:00
2025-05-28,STKS,3.46,-8.95%,"48,249",73.44K,24.53M,7.09%,23.69,1.74M,47.64,0.66,14.19%,-4.68%,17:01:00
2025-05-28,GAIN,14.9,-0.20%,"140,566",135.95K,35.95M,8.60%,22.75,3.09M,66.55,1.03,6.81%,-0.20%,17:01:00
2025-05-28,IMMP,1.93,-3.02%,"59,694",287.18K,144.81M,2.83%,14.27,4.10M,52.8,0.21,16.97%,-3.98%,17:01:00
2025-05-28,GME,31.21,-10.85%,"45,013,193",11.46M,408.69M,12.12%,4.32,49.52M,59.31,3.93,13.12%,9.47%,23:13:00
2025-05-28,TSLA,356.9,-1.65%,"89,592,163",126.02M,2.80B,3.03%,0.67,85.02M,67.29,0.71,24.84%,3.80%,23:13:00
2025-05-28,AMC,3.46,-13.72%,"32,760,758",9.67M,430.80M,14.91%,6.64,64.23M,62.45,3.39,27.21%,14.95%,23:13:00
2025-05-28,AAPL,200.42,0.10%,"43,908,376",62.42M,14.92B,0.70%,1.68,105.17M,44.98,0.7,-4.63%,-3.11%,23:13:00
2025-05-28,NVDA,134.81,-0.51%,"269,669,315",280.84M,23.39B,1.04%,0.87,243.99M,66.64,0.96,23.99%,0.32%,23:13:00
2025-05-28,BYSI,1.66,-5.68%,"8,469",20.54K,29.31M,6.28%,89.69,1.84M,50.52,0.41,5.73%,-3.67%,23:13:00
2025-05-28,SLSR,4.39,-0.05%,"41,270",57.98K,89.08M,2.82%,43.26,2.51M,59.35,0.71,-2.23%,11.14%,23:13:00
2025-05-28,STKS,3.46,-8.95%,"48,249",73.44K,24.53M,7.09%,23.69,1.74M,47.64,0.66,14.19%,-4.68%,23:13:00
2025-05-28,GAIN,14.9,-0.20%,"140,566",135.95K,35.95M,8.60%,22.75,3.09M,66.55,1.03,6.81%,-0.20%,23:13:00
2025-05-28,IMMP,1.93,-3.02%,"59,694",287.18K,144.81M,2.83%,14.27,4.10M,52.8,0.21,16.97%,-3.98%,23:13:00
2025-05-29,GME,30.6,-1.95%,"1,383,159",12.13M,408.69M,12.12%,4.08,49.52M,56.85,1.99,12.25%,9.09%,09:48:00
2025-05-29,TSLA,365.71,2.47%,"7,646,903",125.62M,2.80B,3.03%,0.68,85.02M,69.49,1.06,25.23%,9.29%,09:48:00
2025-05-29,AMC,3.48,0.69%,"1,409,883",10.04M,430.80M,14.91%,6.4,64.23M,62.92,2.45,30.00%,18.90%,09:48:00
2025-05-29,AAPL,202.89,1.23%,"4,822,422",62.23M,14.92B,0.70%,1.69,105.17M,47.95,1.35,-3.94%,0.40%,09:48:00
2025-05-29,NVDA,143.13,6.17%,"48,511,849",279.44M,23.39B,1.04%,0.87,243.99M,73.54,3.03,31.29%,8.60%,09:48:00
2025-05-29,BYSI,1.66,0.00%,636,20.59K,29.31M,6.28%,89.46,1.84M,50.52,0.62,7.10%,-1.19%,09:48:00
2025-05-29,SLSR,4.41,0.46%,294,57.31K,89.08M,2.82%,43.77,2.51M,59.8,0.1,-1.56%,3.04%,09:48:00
2025-05-29,STKS,3.53,2.02%,204,73.36K,24.53M,7.09%,23.71,1.74M,49.26,0.05,17.67%,-2.35%,09:48:00
2025-05-29,GAIN,15,0.67%,"6,174",135.99K,35.95M,8.60%,22.74,3.09M,68.12,0.79,7.91%,2.32%,09:48:00
2025-05-29,IMMP,1.9,-1.55%,"13,066",286.21K,144.81M,2.83%,14.32,4.10M,51.21,0.8,9.83%,-2.06%,09:48:00
2025-05-29,GME,29.42,-5.73%,"12,348,430",12.13M,408.69M,12.12%,4.08,49.52M,52.63,1.33,7.93%,4.89%,14:38:00
2025-05-29,TSLA,357.18,0.08%,"65,587,829",125.62M,2.80B,3.03%,0.68,85.02M,67.36,0.68,22.31%,6.74%,14:38:00
2025-05-29,AMC,3.38,-2.32%,"10,876,986",10.04M,430.80M,14.91%,6.4,64.23M,59.92,1.42,26.12%,15.35%,14:38:00
2025-05-29,AAPL,199.31,-0.55%,"31,845,059",62.23M,14.92B,0.70%,1.69,105.17M,43.85,0.67,-5.63%,-1.38%,14:38:00
2025-05-29,NVDA,138.45,2.70%,"291,370,060",279.44M,23.39B,1.04%,0.87,243.99M,70.05,1.37,26.99%,5.04%,14:38:00
2025-05-29,BYSI,1.76,6.02%,"11,354",20.59K,29.31M,6.28%,89.46,1.84M,55.41,0.72,13.55%,4.76%,14:38:00
2025-05-29,SLSR,4.56,3.80%,"7,706",57.31K,89.08M,2.82%,43.77,2.51M,62.83,0.18,1.71%,6.46%,14:38:00
2025-05-29,STKS,3.4,-1.75%,"14,951",73.36K,24.53M,7.09%,23.71,1.74M,46.36,0.27,13.32%,-5.96%,14:38:00
2025-05-29,GAIN,15,0.67%,"109,986",135.99K,35.95M,8.60%,22.74,3.09M,68.12,1.06,7.91%,2.32%,14:38:00
2025-05-29,IMMP,2,3.63%,"118,875",286.21K,144.81M,2.83%,14.32,4.10M,55.99,0.54,15.61%,3.09%,14:38:00
2025-05-29,GME,29.57,-5.25%,"15,769,223",12.13M,408.69M,12.12%,4.08,49.52M,53.13,1.3,8.47%,5.42%,22:57:00
2025-05-29,TSLA,358.43,0.43%,"87,536,902",125.62M,2.80B,3.03%,0.68,85.02M,67.69,0.7,22.74%,7.12%,22:57:00
2025-05-29,AMC,3.42,-1.16%,"13,377,837",10.04M,430.80M,14.91%,6.4,64.23M,61.16,1.33,27.61%,16.72%,22:57:00
2025-05-29,AAPL,199.95,-0.23%,"51,242,468",62.23M,14.92B,0.70%,1.69,105.17M,44.5,0.82,-5.33%,-1.06%,22:57:00
2025-05-29,NVDA,139.19,3.25%,"368,044,978",279.44M,23.39B,1.04%,0.87,243.99M,70.67,1.32,27.67%,5.61%,22:57:00
2025-05-29,BYSI,1.74,4.92%,"13,180",20.59K,29.31M,6.28%,89.46,1.84M,54.59,0.64,12.37%,3.67%,22:57:00
2025-05-29,SLSR,4.47,1.82%,"28,164",57.31K,89.08M,2.82%,43.77,2.51M,61.1,0.49,-0.22%,4.44%,22:57:00
2025-05-29,STKS,3.4,-1.73%,"49,955",73.36K,24.53M,7.09%,23.71,1.74M,46.37,0.68,13.33%,-5.95%,22:57:00
2025-05-29,GAIN,15.12,1.48%,"153,494",135.99K,35.95M,8.60%,22.74,3.09M,69.83,1.13,8.78%,3.14%,22:57:00
2025-05-29,IMMP,1.97,2.07%,"133,727",286.21K,144.81M,2.83%,14.32,4.10M,54.68,0.47,13.87%,1.55%,22:57:00
2025-05-30,GME,29.87,1.01%,"4,837,453",12.19M,408.69M,12.12%,4.06,49.52M,54.07,1.18,7.21%,-3.21%,11:42:00
2025-05-30,TSLA,360.98,0.71%,"36,896,508",125.02M,2.80B,3.03%,0.68,85.02M,68.4,0.88,27.93%,5.85%,11:42:00
2025-05-30,AMC,3.47,1.43%,"4,748,436",10.10M,430.80M,14.91%,6.36,64.23M,62.19,1.4,29.93%,7.07%,11:42:00
2025-05-30,AAPL,199.33,-0.31%,"12,178,108",62.06M,14.92B,0.70%,1.69,105.17M,43.83,0.59,-6.20%,-1.01%,11:42:00
2025-05-30,NVDA,136.21,-2.14%,"103,675,577",280.91M,23.39B,1.04%,0.87,243.99M,64.93,1.1,25.06%,2.55%,11:42:00
2025-05-30,BYSI,1.67,-4.12%,355,20.47K,29.31M,6.28%,89.99,1.84M,50.65,0.05,-4.02%,-0.60%,11:42:00
2025-05-30,SLSR,4.47,0.00%,"3,921",56.84K,89.08M,2.82%,44.13,2.51M,61.1,0.21,0.45%,7.97%,11:42:00
2025-05-30,STKS,3.37,-0.88%,"10,637",72.98K,24.53M,7.09%,23.84,1.74M,45.71,0.45,11.96%,-7.16%,11:42:00
2025-05-30,GAIN,15.09,-0.23%,"110,515",136.28K,35.95M,8.60%,22.7,3.09M,68.68,2.42,9.71%,3.18%,11:42:00
2025-05-30,IMMP,1.95,-1.24%,"41,509",283.77K,144.81M,2.83%,14.44,4.10M,53.29,0.45,13.78%,-1.24%,11:42:00
2025-05-30,GME,29.96,1.32%,"8,132,050",12.19M,408.69M,12.12%,4.06,49.52M,54.35,0.75,7.54%,-2.92%,15:32:00
2025-05-30,TSLA,351.92,-1.82%,"88,537,202",125.02M,2.80B,3.03%,0.68,85.02M,64.05,0.79,24.72%,3.19%,15:32:00
2025-05-30,AMC,3.54,3.62%,"11,056,714",10.10M,430.80M,14.91%,6.36,64.23M,63.66,1.22,32.73%,9.38%,15:32:00
2025-05-30,AAPL,199.9,-0.03%,"27,623,709",62.06M,14.92B,0.70%,1.69,105.17M,44.44,0.5,-5.93%,-0.73%,15:32:00
2025-05-30,NVDA,135.09,-2.95%,"230,918,821",280.91M,23.39B,1.04%,0.87,243.99M,63,0.92,24.03%,1.70%,15:32:00
2025-05-30,BYSI,1.72,-1.50%,"4,433",20.47K,29.31M,6.28%,89.99,1.84M,53.08,0.24,-1.41%,2.11%,15:32:00
2025-05-30,SLSR,4.46,-0.22%,"5,900",56.84K,89.08M,2.82%,44.13,2.51M,60.74,0.12,0.22%,7.73%,15:32:00
2025-05-30,STKS,3.46,1.91%,"25,701",72.98K,24.53M,7.09%,23.84,1.74M,47.99,0.39,15.12%,-4.55%,15:32:00
2025-05-30,GAIN,15.05,-0.46%,"189,290",136.28K,35.95M,8.60%,22.7,3.09M,67.58,1.55,9.46%,2.95%,15:32:00
2025-05-30,IMMP,1.91,-3.12%,"76,224",283.77K,144.81M,2.83%,14.44,4.10M,51.31,0.3,11.61%,-3.12%,15:32:00
2025-05-30,GME,29.8,0.78%,"10,165,515",12.19M,408.69M,12.12%,4.06,49.52M,53.85,0.83,6.96%,-3.43%,22:30:00
2025-05-30,TSLA,346.46,-3.34%,"122,741,607",125.02M,2.80B,3.03%,0.68,85.02M,61.29,0.98,22.79%,1.59%,22:30:00
2025-05-30,AMC,3.56,4.09%,"15,776,805",10.10M,430.80M,14.91%,6.36,64.23M,63.96,1.56,33.33%,9.88%,22:30:00
2025-05-30,AAPL,200.85,0.45%,"70,582,946",62.06M,14.92B,0.70%,1.69,105.17M,45.7,1.14,-5.48%,-0.25%,22:30:00
2025-05-30,NVDA,135.13,-2.92%,"331,694,277",280.91M,23.40B,1.04%,0.87,243.99M,63.06,1.18,24.06%,1.73%,22:30:00
2025-05-30,BYSI,1.75,0.19%,"4,985",20.47K,29.31M,6.28%,89.99,1.84M,54.75,0.24,0.29%,3.87%,22:30:00
2025-05-30,SLSR,4.45,-0.45%,"20,213",56.84K,89.08M,2.82%,44.13,2.51M,60.4,0.36,0.00%,7.49%,22:30:00
2025-05-30,STKS,3.44,1.18%,"39,902",72.98K,24.53M,7.09%,23.84,1.74M,47.38,0.55,14.29%,-5.23%,22:30:00
2025-05-30,GAIN,15.05,-0.46%,"239,410",136.28K,35.95M,8.60%,22.7,3.09M,67.56,1.76,9.45%,2.94%,22:30:00
2025-05-30,IMMP,1.88,-4.57%,"96,698",283.77K,144.81M,2.83%,14.44,4.10M,49.87,0.34,9.94%,-4.57%,22:30:00
2025-06-02,GME,30.13,1.11%,"2,419,545",12.16M,408.69M,12.12%,4.07,49.52M,54.93,0.99,9.84%,-8.78%,10:47:00
2025-06-02,TSLA,338.02,-2.43%,"28,967,450",125.00M,2.80B,3.03%,0.68,85.02M,57.18,1.15,20.50%,-0.39%,10:47:00
2025-06-02,AMC,3.47,-2.49%,"4,137,639",10.19M,430.80M,14.91%,6.3,64.23M,60.96,2.02,30.99%,7.14%,10:47:00
2025-06-02,AAPL,200.62,-0.11%,"9,037,270",62.20M,14.92B,0.70%,1.69,105.17M,45.43,0.72,-5.95%,2.74%,10:47:00
2025-06-02,NVDA,136.66,1.13%,"57,917,190",281.74M,23.40B,1.04%,0.87,243.99M,64.61,1.02,22.44%,4.09%,10:47:00
2025-06-02,BYSI,1.68,-3.44%,994,20.23K,29.31M,6.28%,91.08,1.84M,51.18,0.25,-5.87%,-0.88%,10:47:00
2025-06-02,SLSR,4.42,-0.67%,"2,378",56.25K,89.08M,2.82%,44.59,2.51M,59.3,0.22,6.00%,-2.21%,10:47:00
2025-06-02,STKS,3.33,-3.20%,"4,921",72.46K,24.53M,7.09%,24.01,1.74M,44.88,0.34,8.82%,-10.72%,10:47:00
2025-06-02,GAIN,15.14,0.60%,"102,592",137.93K,35.95M,8.60%,22.42,3.09M,68.96,3.7,11.16%,3.13%,10:47:00
2025-06-02,IMMP,1.86,-1.06%,"38,365",280.96K,144.81M,2.83%,14.59,4.10M,48.85,0.69,11.38%,-4.12%,10:47:00
2025-06-02,GME,30.34,1.81%,"4,834,901",12.16M,408.69M,12.12%,4.07,49.52M,55.6,0.57,10.61%,-8.14%,14:11:00
2025-06-02,TSLA,338.45,-2.31%,"60,831,831",125.00M,2.80B,3.03%,0.68,85.02M,57.38,0.7,20.65%,-0.26%,14:11:00
2025-06-02,AMC,3.47,-2.53%,"6,170,733",10.19M,430.80M,14.91%,6.3,64.23M,60.92,0.87,30.94%,7.10%,14:11:00
2025-06-02,AAPL,200.85,-0.00%,"20,214,137",62.20M,14.92B,0.70%,1.69,105.17M,45.7,0.47,-5.85%,2.86%,14:11:00
2025-06-02,NVDA,137.59,1.82%,"122,613,295",281.74M,23.40B,1.04%,0.87,243.99M,65.49,0.62,23.28%,4.80%,14:11:00
2025-06-02,BYSI,1.71,-1.97%,"1,432",20.23K,29.31M,6.28%,91.08,1.84M,52.65,0.1,-4.43%,0.63%,14:11:00
2025-06-02,SLSR,4.37,-1.80%,"12,310",56.25K,89.08M,2.82%,44.59,2.51M,57.56,0.31,4.80%,-3.32%,14:11:00
2025-06-02,STKS,3.36,-2.33%,"16,510",72.46K,24.53M,7.09%,24.01,1.74M,45.53,0.33,9.80%,-9.92%,14:11:00
2025-06-02,GAIN,15.27,1.46%,"173,418",137.93K,35.95M,8.60%,22.42,3.09M,70.78,1.8,12.11%,4.02%,14:11:00
2025-06-02,IMMP,1.87,-0.59%,"60,140",280.96K,144.81M,2.83%,14.59,4.10M,49.3,0.31,11.91%,-3.66%,14:11:00
2025-06-02,GME,30.64,2.82%,"7,344,434",12.16M,408.69M,12.12%,4.07,49.52M,56.51,0.6,11.70%,-7.24%,16:55:00
2025-06-02,TSLA,342.69,-1.09%,"81,294,144",125.00M,2.80B,3.03%,0.68,85.02M,59.38,0.65,22.16%,0.99%,16:55:00
2025-06-02,AMC,3.44,-3.37%,"9,775,003",10.19M,430.80M,14.91%,6.3,64.23M,59.97,0.96,29.81%,6.17%,16:55:00
2025-06-02,AAPL,201.7,0.42%,"35,306,998",62.20M,14.92B,0.70%,1.69,105.17M,46.87,0.57,-5.45%,3.29%,16:55:00
2025-06-02,NVDA,137.38,1.67%,"194,566,993",281.74M,23.40B,1.04%,0.87,243.99M,65.29,0.69,23.09%,4.64%,16:55:00
2025-06-02,BYSI,1.63,-6.59%,"2,710",20.23K,29.31M,6.28%,91.08,1.84M,48.29,0.13,-8.94%,-4.12%,16:55:00
2025-06-02,SLSR,4.38,-1.69%,"40,347",56.25K,89.08M,2.82%,44.59,2.51M,57.73,0.72,4.92%,-3.21%,16:55:00
2025-06-02,STKS,3.39,-1.45%,"34,893",72.46K,24.53M,7.09%,24.01,1.74M,46.21,0.48,10.78%,-9.12%,16:55:00
2025-06-02,GAIN,15.26,1.40%,"228,161",137.93K,35.95M,8.60%,22.42,3.09M,70.65,1.65,12.04%,3.95%,16:55:00
2025-06-02,IMMP,1.86,-1.06%,"68,851",280.96K,144.81M,2.83%,14.59,4.10M,48.85,0.25,11.38%,-4.12%,16:55:00
2025-06-03,GME,30.39,-0.82%,"4,085,884",12.09M,408.69M,12.12%,4.1,49.52M,55.48,0.47,10.59%,-13.20%,14:19:00
2025-06-03,TSLA,349.36,1.95%,"62,312,555",124.32M,2.80B,3.03%,0.68,85.02M,61.66,0.7,21.64%,-3.73%,14:19:00
2025-06-03,AMC,3.37,-2.18%,"4,631,658",10.18M,430.80M,14.91%,6.31,64.23M,57.55,0.63,25.56%,-16.08%,14:19:00
2025-06-03,AAPL,203,0.64%,"25,187,363",61.78M,14.92B,0.70%,1.7,105.17M,48.7,0.57,-1.14%,1.39%,14:19:00
2025-06-03,NVDA,140.93,2.58%,"153,732,282",280.42M,23.40B,1.04%,0.87,243.99M,68.52,0.76,23.08%,4.01%,14:19:00
2025-06-03,BYSI,1.66,1.84%,"6,441",19.95K,29.31M,6.28%,92.33,1.84M,49.95,0.45,-1.78%,-5.68%,14:19:00
2025-06-03,SLSR,4.43,1.33%,"4,465",56.01K,89.08M,2.82%,44.79,2.51M,59.23,0.11,-0.61%,0.93%,14:19:00
2025-06-03,STKS,3.62,6.64%,"31,184",71.87K,24.53M,7.09%,24.2,1.74M,51.95,0.6,16.61%,-4.87%,14:19:00
2025-06-03,GAIN,15.21,-0.33%,"215,628",139.35K,35.95M,8.60%,22.2,3.09M,68.93,2.16,8.71%,1.87%,14:19:00
2025-06-03,IMMP,1.87,0.54%,"93,285",277.64K,144.81M,2.83%,14.76,4.10M,49.41,0.47,9.36%,-6.03%,14:19:00
2025-06-03,GME,30.24,-1.32%,"5,035,781",12.09M,408.69M,12.12%,4.1,49.52M,54.87,0.46,10.03%,-13.64%,20:10:00
2025-06-03,TSLA,349.07,1.86%,"81,472,970",124.32M,2.80B,3.03%,0.68,85.02M,61.56,0.72,21.54%,-3.81%,20:10:00
2025-06-03,AMC,3.36,-2.47%,"6,272,009",10.18M,430.80M,14.91%,6.31,64.23M,57.24,0.67,25.19%,-16.33%,20:10:00
2025-06-03,AAPL,203.1,0.69%,"29,258,020",61.78M,14.92B,0.70%,1.7,105.17M,48.83,0.52,-1.10%,1.44%,20:10:00
2025-06-03,NVDA,141.32,2.87%,"178,429,849",280.42M,23.40B,1.04%,0.87,243.99M,68.84,0.7,23.42%,4.30%,20:10:00
2025-06-03,BYSI,1.7,4.29%,"10,355",19.95K,29.31M,6.28%,92.33,1.84M,52.01,0.57,0.59%,-3.40%,20:10:00
2025-06-03,SLSR,4.44,1.42%,"7,277",56.01K,89.08M,2.82%,44.79,2.51M,59.33,0.14,-0.52%,1.02%,20:10:00
2025-06-03,STKS,3.65,7.67%,"40,998",71.87K,24.53M,7.09%,24.2,1.74M,52.74,0.62,17.74%,-3.95%,20:10:00
2025-06-03,GAIN,15.23,-0.21%,"278,153",139.35K,35.95M,8.60%,22.2,3.09M,69.58,2.18,8.85%,2.00%,20:10:00
2025-06-03,IMMP,1.87,0.54%,"102,866",277.64K,144.81M,2.83%,14.76,4.10M,49.41,0.41,9.36%,-6.03%,20:10:00
2025-06-04,GME,29.97,-0.43%,"2,374,352",12.12M,408.69M,12.12%,4.09,49.52M,53.81,0.66,12.67%,-3.97%,11:26:00
2025-06-04,TSLA,333.74,-3.06%,"49,284,737",124.07M,2.80B,3.03%,0.69,85.02M,54.53,1.34,19.08%,-6.49%,11:26:00
2025-06-04,AMC,3.37,1.05%,"3,664,623",10.14M,430.80M,14.91%,6.33,64.23M,57.33,1.22,27.46%,-2.75%,11:26:00
2025-06-04,AAPL,204.27,0.49%,"15,889,236",61.76M,14.92B,0.70%,1.7,105.17M,50.46,0.87,2.71%,1.92%,11:26:00
2025-06-04,NVDA,141.41,0.13%,"72,763,513",277.52M,23.40B,1.04%,0.88,243.99M,68.92,0.89,24.24%,4.89%,11:26:00
2025-06-04,BYSI,1.7,0.00%,"5,581",19.98K,29.31M,6.28%,92.18,1.84M,52.01,0.95,1.80%,2.41%,11:26:00
2025-06-04,SLSR,4.55,3.06%,"8,490",55.74K,89.08M,2.82%,45,2.51M,62.07,0.54,4.97%,3.53%,11:26:00
2025-06-04,STKS,3.72,2.34%,"3,094",71.35K,24.53M,7.09%,24.38,1.74M,54.47,0.15,23.75%,7.66%,11:26:00
2025-06-04,GAIN,14.38,-1.84%,"176,240",148.28K,35.95M,8.60%,20.86,3.09M,59.8,4.02,8.28%,0.07%,11:26:00
2025-06-04,IMMP,1.85,-0.27%,"27,088",277.00K,144.81M,2.83%,14.79,4.10M,48.29,0.34,-25.70%,-4.15%,11:26:00
2025-06-04,GME,30.23,0.43%,"5,702,965",12.12M,408.69M,12.12%,4.09,49.52M,54.79,0.52,13.64%,-3.14%,15:38:00
2025-06-04,TSLA,334.25,-2.91%,"84,986,966",124.07M,2.80B,3.03%,0.69,85.02M,54.77,0.75,19.26%,-6.35%,15:38:00
2025-06-04,AMC,3.4,2.14%,"8,879,753",10.14M,430.80M,14.91%,6.33,64.23M,58.18,0.96,28.83%,-1.70%,15:38:00
2025-06-04,AAPL,203.12,-0.07%,"32,256,835",61.76M,14.92B,0.70%,1.7,105.17M,48.85,0.57,2.13%,1.35%,15:38:00
2025-06-04,NVDA,141.82,0.42%,"135,403,367",277.52M,23.40B,1.04%,0.88,243.99M,69.27,0.54,24.60%,5.20%,15:38:00
2025-06-04,BYSI,1.72,0.88%,"6,683",19.98K,29.31M,6.28%,92.18,1.84M,52.79,0.37,2.69%,3.31%,15:38:00
2025-06-04,SLSR,4.54,2.95%,"24,207",55.74K,89.08M,2.82%,45,2.51M,61.95,0.48,4.85%,3.42%,15:38:00
2025-06-04,STKS,3.53,-3.02%,"22,703",71.35K,24.53M,7.09%,24.38,1.74M,49.75,0.35,17.28%,2.02%,15:38:00
2025-06-04,GAIN,14.43,-1.54%,"282,264",148.28K,35.95M,8.60%,20.86,3.09M,61.07,2.09,8.62%,0.38%,15:38:00
2025-06-04,IMMP,1.8,-2.96%,"85,900",277.00K,144.81M,2.83%,14.79,4.10M,45.6,0.34,-27.71%,-6.74%,15:38:00
2025-06-04,GME,29.95,-0.50%,"7,281,609",12.12M,408.69M,12.12%,4.09,49.52M,53.73,0.6,12.59%,-4.04%,21:24:00
2025-06-04,TSLA,332.05,-3.55%,"97,366,913",124.07M,2.80B,3.03%,0.69,85.02M,53.75,0.78,18.48%,-6.96%,21:24:00
2025-06-04,AMC,3.4,2.10%,"10,180,059",10.14M,430.80M,14.91%,6.33,64.23M,58.15,1,28.79%,-1.73%,21:24:00
2025-06-04,AAPL,202.82,-0.22%,"43,136,302",61.76M,14.92B,0.70%,1.7,105.17M,48.44,0.7,1.98%,1.20%,21:24:00
2025-06-04,NVDA,141.92,0.50%,"164,077,406",277.52M,23.40B,1.04%,0.88,243.99M,69.36,0.59,24.69%,5.27%,21:24:00
2025-06-04,BYSI,1.69,-0.59%,"8,316",19.98K,29.31M,6.28%,92.18,1.84M,51.44,0.42,1.20%,1.81%,21:24:00
2025-06-04,SLSR,4.56,3.40%,"35,170",55.74K,89.08M,2.82%,45,2.51M,62.41,0.63,5.31%,3.87%,21:24:00
2025-06-04,STKS,3.53,-3.02%,"35,247",71.35K,24.53M,7.09%,24.38,1.74M,49.75,0.49,17.28%,2.02%,21:24:00
2025-06-04,GAIN,14.39,-1.77%,"308,239",148.28K,35.95M,8.60%,20.86,3.09M,60.08,2.08,8.35%,0.14%,21:24:00
2025-06-04,IMMP,1.82,-1.89%,"92,452",277.00K,144.81M,2.83%,14.79,4.10M,46.64,0.33,-26.91%,-5.70%,21:24:00
2025-06-05,GME,30.53,1.95%,"1,641,562",12.15M,408.69M,12.12%,4.07,49.52M,55.83,0.53,17.26%,3.26%,11:09:00
2025-06-05,TSLA,318.34,-4.13%,"54,444,160",123.63M,2.80B,3.03%,0.69,85.02M,47.78,1.73,15.61%,-11.18%,11:09:00
2025-06-05,AMC,3.41,0.30%,"1,697,026",10.16M,430.80M,14.91%,6.32,64.23M,58.4,0.66,27.24%,-0.29%,11:09:00
2025-06-05,AAPL,202.74,-0.04%,"13,062,072",61.61M,14.92B,0.70%,1.71,105.17M,48.33,0.83,2.13%,1.40%,11:09:00
2025-06-05,NVDA,142.28,0.25%,"61,280,188",273.91M,23.40B,1.04%,0.89,243.99M,69.68,0.88,25.31%,2.22%,11:09:00
2025-06-05,BYSI,1.66,-1.78%,"2,673",19.65K,29.31M,6.28%,93.75,1.84M,49.68,0.54,-22.07%,-4.69%,11:09:00
2025-06-05,SLSR,4.62,1.30%,"7,739",55.47K,89.08M,2.82%,45.22,2.51M,63.82,0.55,6.20%,3.34%,11:09:00
2025-06-05,STKS,3.5,-0.85%,"1,267",69.89K,24.53M,7.09%,24.89,1.74M,49,0.07,14.38%,2.94%,11:09:00
2025-06-05,GAIN,14.25,-0.97%,"80,926",151.91K,35.95M,8.60%,20.36,3.09M,56.16,2.09,6.91%,-2.28%,11:09:00
2025-06-05,IMMP,1.78,-2.20%,"32,655",276.58K,144.81M,2.83%,14.82,4.10M,44.46,0.47,-12.32%,-9.64%,11:09:00
2025-06-05,GME,29.45,-1.67%,"6,196,042",12.15M,408.69M,12.12%,4.07,49.52M,51.63,0.51,13.10%,-0.41%,16:52:00
2025-06-05,TSLA,284.7,-14.26%,"282,710,778",123.63M,2.80B,3.03%,0.69,85.02M,37.55,2.29,3.40%,-20.57%,16:52:00
2025-06-05,AMC,3.4,0.00%,"7,245,604",10.16M,430.80M,14.91%,6.32,64.23M,58.15,0.71,26.87%,-0.58%,16:52:00
2025-06-05,AAPL,200.63,-1.08%,"54,926,565",61.61M,14.92B,0.70%,1.71,105.17M,45.46,0.89,1.07%,0.34%,16:52:00
2025-06-05,NVDA,139.99,-1.36%,"227,254,771",273.91M,23.40B,1.04%,0.89,243.99M,65.61,0.83,23.30%,0.57%,16:52:00
2025-06-05,BYSI,1.68,-0.59%,"4,357",19.65K,29.31M,6.28%,93.75,1.84M,50.84,0.22,-21.13%,-3.54%,16:52:00
2025-06-05,SLSR,4.56,0.00%,"31,040",55.47K,89.08M,2.82%,45.22,2.51M,62.41,0.56,4.83%,2.01%,16:52:00
2025-06-05,STKS,3.47,-1.70%,"37,552",69.89K,24.53M,7.09%,24.89,1.74M,48.26,0.54,13.40%,2.06%,16:52:00
2025-06-05,GAIN,14.1,-2.02%,"265,662",151.91K,35.95M,8.60%,20.36,3.09M,52.48,1.75,5.79%,-3.31%,16:52:00
2025-06-05,IMMP,1.78,-2.20%,"108,825",276.58K,144.81M,2.83%,14.82,4.10M,44.46,0.39,-12.32%,-9.64%,16:52:00
2025-06-06,GME,29.67,0.75%,"949,078",12.20M,408.69M,12.12%,4.06,49.52M,52.51,0.47,14.08%,-0.43%,10:33:00
2025-06-06,TSLA,296.88,4.28%,"58,166,133",126.74M,2.80B,3.03%,0.67,85.02M,42.37,2.75,7.48%,-14.31%,10:33:00
2025-06-06,AMC,3.47,2.15%,"2,069,055",10.18M,430.80M,14.91%,6.31,64.23M,60.01,1.22,28.16%,-2.44%,10:33:00
2025-06-06,AAPL,203.97,1.67%,"9,981,599",61.73M,14.92B,0.70%,1.7,105.17M,50.48,0.97,3.93%,1.55%,10:33:00
2025-06-06,NVDA,142.37,1.70%,"43,100,834",273.10M,23.40B,1.04%,0.89,243.99M,67.91,0.95,21.62%,5.35%,10:33:00
2025-06-06,BYSI,1.67,-0.60%,360,19.57K,29.31M,6.28%,94.12,1.84M,50.21,0.11,-1.76%,-4.30%,10:33:00
2025-06-06,SLSR,4.53,-0.77%,"5,301",55.66K,89.08M,2.82%,45.06,2.51M,60.91,0.57,4.50%,1.69%,10:33:00
2025-06-06,STKS,3.59,3.46%,"1,862",69.68K,24.53M,7.09%,24.97,1.74M,51.4,0.16,15.06%,4.36%,10:33:00
2025-06-06,GAIN,14.02,-0.53%,"48,268",153.60K,35.95M,8.60%,20.14,3.09M,50.7,1.88,5.61%,-3.38%,10:33:00
2025-06-06,IMMP,1.85,3.93%,"27,191",276.97K,144.81M,2.83%,14.8,4.10M,48.96,0.59,-4.15%,-1.60%,10:33:00
2025-06-06,GME,29.84,1.32%,"1,909,478",12.20M,408.69M,12.12%,4.06,49.52M,53.17,0.38,14.73%,0.13%,12:15:00
2025-06-06,TSLA,300.35,5.50%,"100,856,708",126.74M,2.80B,3.03%,0.67,85.02M,43.6,1.93,8.74%,-13.31%,12:15:00
2025-06-06,AMC,3.47,2.06%,"3,434,699",10.18M,430.80M,14.91%,6.31,64.23M,59.93,0.82,28.04%,-2.53%,12:15:00
2025-06-06,AAPL,203.03,1.20%,"17,694,140",61.73M,14.92B,0.70%,1.7,105.17M,49.16,0.69,3.45%,1.09%,12:15:00
2025-06-06,NVDA,142.12,1.52%,"78,099,409",273.10M,23.40B,1.04%,0.89,243.99M,67.68,0.69,21.41%,5.17%,12:15:00
2025-06-06,BYSI,1.68,0.00%,"3,985",19.57K,29.31M,6.28%,94.12,1.84M,50.84,0.5,-1.18%,-3.72%,12:15:00
2025-06-06,SLSR,4.45,-2.52%,"7,131",55.66K,89.08M,2.82%,45.06,2.51M,57.74,0.31,2.66%,-0.11%,12:15:00
2025-06-06,STKS,3.47,0.00%,"5,348",69.68K,24.53M,7.09%,24.97,1.74M,48.26,0.19,11.22%,0.87%,12:15:00
2025-06-06,GAIN,14.1,0.00%,"70,163",153.60K,35.95M,8.60%,20.14,3.09M,52.48,1.11,6.17%,-2.86%,12:15:00
2025-06-06,IMMP,1.86,4.49%,"59,815",276.97K,144.81M,2.83%,14.8,4.10M,49.54,0.53,-3.63%,-1.06%,12:15:00
2025-06-06,GME,29.86,1.39%,"2,758,588",12.20M,408.69M,12.12%,4.06,49.52M,53.24,0.31,14.79%,0.19%,14:27:00
2025-06-06,TSLA,300.26,5.47%,"122,793,700",126.74M,2.80B,3.03%,0.67,85.02M,43.57,1.31,8.70%,-13.33%,14:27:00
2025-06-06,AMC,3.46,1.76%,"4,166,161",10.18M,430.80M,14.91%,6.31,64.23M,59.68,0.56,27.68%,-2.81%,14:27:00
2025-06-06,AAPL,204.85,2.10%,"26,454,538",61.73M,14.92B,0.70%,1.7,105.17M,51.65,0.58,4.38%,1.99%,14:27:00
2025-06-06,NVDA,142.57,1.85%,"107,698,180",273.10M,23.40B,1.04%,0.89,243.99M,68.1,0.54,21.80%,5.51%,14:27:00
2025-06-06,BYSI,1.68,0.00%,"7,899",19.57K,29.31M,6.28%,94.12,1.84M,50.84,0.55,-1.18%,-3.72%,14:27:00
2025-06-06,SLSR,4.49,-1.54%,"11,436",55.66K,89.08M,2.82%,45.06,2.51M,59.48,0.28,3.70%,0.90%,14:27:00
2025-06-06,STKS,3.44,-0.86%,"7,728",69.68K,24.53M,7.09%,24.97,1.74M,47.49,0.15,10.26%,0.00%,14:27:00
2025-06-06,GAIN,13.99,-0.78%,"97,751",153.60K,35.95M,8.60%,20.14,3.09M,49.91,0.86,5.34%,-3.62%,14:27:00
2025-06-06,IMMP,1.86,4.49%,"62,875",276.97K,144.81M,2.83%,14.8,4.10M,49.54,0.31,-3.63%,-1.06%,14:27:00
2025-06-06,GME,29.58,0.44%,"4,340,598",12.20M,408.69M,12.12%,4.06,49.52M,52.15,0.36,13.73%,-0.74%,20:43:00
2025-06-06,TSLA,295.14,3.67%,"162,483,124",126.74M,2.80B,3.03%,0.67,85.02M,41.72,1.28,6.85%,-14.81%,20:43:00
2025-06-06,AMC,3.4,0.00%,"8,014,315",10.18M,430.80M,14.91%,6.31,64.23M,58.15,0.79,25.46%,-4.49%,20:43:00
2025-06-06,AAPL,203.92,1.64%,"46,416,163",61.73M,14.92B,0.70%,1.7,105.17M,50.41,0.75,3.91%,1.53%,20:43:00
2025-06-06,NVDA,141.72,1.24%,"153,191,536",273.10M,23.40B,1.04%,0.89,243.99M,67.32,0.56,21.07%,4.88%,20:43:00
2025-06-06,BYSI,1.7,1.19%,"8,719",19.57K,29.31M,6.28%,94.12,1.84M,52.04,0.45,0.00%,-2.58%,20:43:00
2025-06-06,SLSR,4.45,-2.52%,"17,780",55.66K,89.08M,2.82%,45.06,2.51M,57.74,0.32,2.66%,-0.11%,20:43:00
2025-06-06,STKS,3.55,2.31%,"31,084",69.68K,24.53M,7.09%,24.97,1.74M,50.4,0.45,13.78%,3.20%,20:43:00
2025-06-06,GAIN,13.91,-1.35%,"159,628",153.60K,36.10M,8.57%,20.14,3.09M,48.18,1.04,4.74%,-4.17%,20:43:00
2025-06-06,IMMP,1.86,4.49%,"93,464",276.97K,144.81M,2.83%,14.8,4.10M,49.54,0.34,-3.63%,-1.06%,20:43:00
2025-06-09,GME,29.53,-0.15%,"2,362,553",12.21M,408.69M,12.12%,4.05,49.52M,51.95,0.51,10.29%,-3.61%,12:02:00
2025-06-09,TSLA,295.16,0.01%,"63,927,139",127.78M,2.80B,3.03%,0.67,85.02M,41.73,1.31,3.63%,-13.87%,12:02:00
2025-06-09,AMC,3.34,-1.76%,"3,323,460",10.20M,430.80M,14.91%,6.3,64.23M,55.86,0.85,23.70%,-2.91%,12:02:00
2025-06-09,AAPL,204.45,0.26%,"15,841,118",61.75M,14.92B,0.70%,1.7,105.17M,51.17,0.67,3.52%,1.36%,12:02:00
2025-06-09,NVDA,142.61,0.63%,"93,962,334",270.49M,23.40B,1.04%,0.9,243.99M,68.19,0.91,21.50%,3.81%,12:02:00
2025-06-09,BYSI,2,17.65%,"28,881",19.56K,29.31M,6.28%,94.18,1.84M,65.62,3.87,12.36%,22.70%,12:02:00
2025-06-09,SLSR,4.52,1.69%,"2,330",56.00K,89.08M,2.82%,44.79,2.51M,59.85,0.11,10.51%,3.31%,12:02:00
2025-06-09,STKS,3.66,3.10%,"14,571",69.06K,24.53M,7.09%,25.19,1.74M,53.25,0.55,3.98%,7.96%,12:02:00
2025-06-09,GAIN,14.02,0.78%,"69,369",154.75K,36.10M,8.57%,19.99,3.09M,50.68,1.18,5.87%,-4.75%,12:02:00
2025-06-09,IMMP,1.86,0.00%,"45,874",277.43K,144.81M,2.83%,14.77,4.10M,49.54,0.43,0.00%,0.00%,12:02:00
2025-06-09,GME,30.34,2.57%,"5,752,777",12.21M,408.69M,12.12%,4.05,49.52M,55.2,0.47,13.29%,-0.98%,22:41:00
2025-06-09,TSLA,308.58,4.55%,"135,009,822",127.78M,2.80B,3.03%,0.67,85.02M,46.66,1.06,8.34%,-9.95%,22:41:00
2025-06-09,AMC,3.35,-1.47%,"7,570,550",10.20M,430.80M,14.91%,6.3,64.23M,56.23,0.74,24.07%,-2.62%,22:41:00
2025-06-09,AAPL,201.45,-1.21%,"72,563,726",61.75M,14.92B,0.70%,1.7,105.17M,46.96,1.18,2.01%,-0.12%,22:41:00
2025-06-09,NVDA,142.63,0.64%,"184,187,787",270.49M,23.40B,1.04%,0.9,243.99M,68.21,0.68,21.52%,3.82%,22:41:00
2025-06-09,BYSI,2.21,30.00%,"203,304",19.56K,29.31M,6.28%,94.18,1.84M,71.3,10.39,24.16%,35.58%,22:41:00
2025-06-09,SLSR,4.47,0.56%,"43,957",56.00K,89.08M,2.82%,44.79,2.51M,58.47,0.78,9.29%,2.17%,22:41:00
2025-06-09,STKS,3.69,3.94%,"68,582",69.06K,24.53M,7.09%,25.19,1.74M,53.98,0.99,4.83%,8.85%,22:41:00
2025-06-09,GAIN,13.98,0.50%,"151,499",154.75K,36.10M,8.57%,19.99,3.09M,49.82,0.98,5.57%,-5.01%,22:41:00
2025-06-09,IMMP,1.84,-1.08%,"76,078",277.43K,144.81M,2.83%,14.77,4.10M,48.35,0.27,-1.08%,-1.08%,22:41:00
2025-06-10,GME,29.95,-1.29%,"4,565,267",12.25M,408.69M,12.12%,4.04,49.52M,53.33,0.58,8.75%,-0.50%,13:48:00
2025-06-10,TSLA,320.07,3.72%,"91,791,283",128.38M,2.80B,3.03%,0.66,85.02M,50.52,1.11,7.31%,-7.03%,13:48:00
2025-06-10,AMC,3.35,0.00%,"4,178,410",10.22M,430.80M,14.91%,6.29,64.23M,56.23,0.64,22.71%,0.60%,13:48:00
2025-06-10,AAPL,201.51,0.03%,"28,611,273",62.17M,14.92B,0.70%,1.69,105.17M,47.05,0.72,1.50%,-0.87%,13:48:00
2025-06-10,NVDA,142.62,-0.00%,"85,059,231",268.04M,23.40B,1.04%,0.91,243.99M,68.2,0.49,22.27%,0.99%,13:48:00
2025-06-10,BYSI,2.5,13.12%,"117,326",22.52K,29.31M,6.28%,81.79,1.84M,76.97,8.15,48.81%,47.06%,13:48:00
2025-06-10,SLSR,4.4,-1.57%,"5,759",56.18K,89.08M,2.82%,44.65,2.51M,55.58,0.16,4.27%,-0.23%,13:48:00
2025-06-10,STKS,3.8,2.98%,"41,812",69.01K,24.53M,7.09%,25.21,1.74M,56.63,0.94,-1.81%,4.40%,13:48:00
2025-06-10,GAIN,13.98,0.04%,"54,557",155.22K,36.10M,8.57%,19.93,3.09M,49.94,0.55,5.46%,-4.54%,13:48:00
2025-06-10,IMMP,1.89,2.67%,"56,173",277.41K,144.81M,2.83%,14.77,4.10M,51.45,0.32,2.12%,1.84%,13:48:00
2025-06-10,GME,30.17,-0.58%,"6,126,859",12.25M,408.69M,12.12%,4.04,49.52M,54.35,0.56,9.53%,0.22%,15:31:00
2025-06-10,TSLA,325.42,5.46%,"121,244,961",128.38M,2.80B,3.03%,0.66,85.02M,52.13,1.05,9.11%,-5.48%,15:31:00
2025-06-10,AMC,3.34,-0.42%,"5,866,349",10.22M,430.80M,14.91%,6.29,64.23M,55.67,0.64,22.20%,0.18%,15:31:00
2025-06-10,AAPL,203,0.77%,"37,586,388",62.17M,14.92B,0.70%,1.69,105.17M,49.3,0.67,2.25%,-0.13%,15:31:00
2025-06-10,NVDA,144.18,1.09%,"114,415,502",268.04M,23.40B,1.04%,0.91,243.99M,69.72,0.48,23.60%,2.10%,15:31:00
2025-06-10,BYSI,2.55,15.38%,"166,682",22.52K,29.31M,6.28%,81.79,1.84M,77.73,8.27,51.79%,50.00%,15:31:00
2025-06-10,SLSR,4.42,-1.12%,"6,779",56.18K,89.08M,2.82%,44.65,2.51M,56.37,0.13,4.74%,0.23%,15:31:00
2025-06-10,STKS,3.69,0.00%,"53,302",69.01K,24.53M,7.09%,25.21,1.74M,53.98,0.86,-4.65%,1.37%,15:31:00
2025-06-10,GAIN,13.98,0.00%,"69,699",155.22K,36.10M,8.57%,19.93,3.09M,49.82,0.5,5.42%,-4.57%,15:31:00
2025-06-10,IMMP,1.87,1.63%,"62,616",277.41K,144.81M,2.83%,14.77,4.10M,50.28,0.25,1.08%,0.81%,15:31:00
2025-06-10,GME,30.15,-0.63%,"8,628,691",12.25M,408.69M,12.12%,4.04,49.52M,54.27,0.7,9.48%,0.17%,21:28:00
2025-06-10,TSLA,326.09,5.67%,"140,273,376",128.38M,2.80B,3.03%,0.66,85.02M,52.33,1.09,9.33%,-5.28%,21:28:00
2025-06-10,AMC,3.34,-0.30%,"7,285,799",10.22M,430.80M,14.91%,6.29,64.23M,55.83,0.71,22.34%,0.30%,21:28:00
2025-06-10,AAPL,202.67,0.61%,"42,434,034",62.17M,14.92B,0.70%,1.69,105.17M,48.82,0.68,2.09%,-0.30%,21:28:00
2025-06-10,NVDA,143.96,0.93%,"133,098,117",268.04M,23.40B,1.04%,0.91,243.99M,69.52,0.5,23.41%,1.94%,21:28:00
2025-06-10,BYSI,2.51,13.57%,"198,349",22.52K,29.31M,6.28%,81.79,1.84M,77.12,8.81,49.40%,47.65%,21:28:00
2025-06-10,SLSR,4.4,-1.57%,"11,699",56.18K,89.08M,2.82%,44.65,2.51M,55.58,0.21,4.27%,-0.23%,21:28:00
2025-06-10,STKS,3.8,2.98%,"60,306",69.01K,24.53M,7.09%,25.21,1.74M,56.63,0.87,-1.81%,4.40%,21:28:00
2025-06-10,GAIN,13.98,0.00%,"87,661",155.22K,36.10M,8.57%,19.93,3.09M,49.82,0.56,5.42%,-4.57%,21:28:00
2025-06-10,IMMP,1.86,1.09%,"66,854",277.41K,144.81M,2.83%,14.77,4.10M,49.66,0.24,0.54%,0.27%,21:28:00
2025-06-11,GME,28.79,-4.51%,"9,950,437",12.34M,408.69M,11.62%,3.85,47.49M,48.03,1.45,2.64%,-3.87%,13:11:00
2025-06-11,TSLA,329.54,1.06%,"77,739,561",127.79M,2.80B,2.75%,0.6,77.00M,53.38,1.09,3.51%,-0.76%,13:11:00
2025-06-11,AMC,3.33,-0.30%,"4,237,948",10.19M,430.80M,14.90%,6.3,64.21M,55.41,0.75,21.98%,-2.06%,13:11:00
2025-06-11,AAPL,200.65,-1.00%,"31,530,861",61.90M,14.92B,0.64%,1.53,94.83M,45.94,0.92,-4.81%,-1.07%,13:11:00
2025-06-11,NVDA,143.37,-0.41%,"97,311,405",264.75M,23.40B,0.98%,0.87,229.34M,68.17,0.66,16.56%,1.02%,13:11:00
2025-06-11,BYSI,2.54,1.00%,"33,825",25.64K,29.31M,6.29%,71.88,1.84M,77.53,2.37,53.64%,50.00%,13:11:00
2025-06-11,SLSR,4.55,3.41%,"5,572",55.03K,89.08M,2.82%,45.59,2.51M,60.12,0.18,8.85%,-0.22%,13:11:00
2025-06-11,STKS,3.69,-2.89%,"32,540",68.20K,24.53M,7.16%,25.74,1.76M,53.32,0.86,-15.75%,4.53%,13:11:00
2025-06-11,GAIN,13.93,-0.36%,"52,281",155.28K,36.10M,8.61%,20.01,3.11M,48.55,0.6,2.87%,-3.20%,13:11:00
2025-06-11,IMMP,1.87,0.27%,"48,902",276.48K,144.81M,2.86%,14.97,4.14M,50,0.32,-0.27%,2.47%,13:11:00
2025-06-11,GME,28.62,-5.07%,"11,926,816",12.34M,408.69M,11.62%,3.85,47.49M,47.35,1.1,2.03%,-4.44%,15:26:00
2025-06-11,TSLA,324.56,-0.47%,"105,976,686",127.79M,2.80B,2.75%,0.6,77.00M,51.81,0.94,1.94%,-2.26%,15:26:00
2025-06-11,AMC,3.31,-0.91%,"5,399,164",10.19M,430.80M,14.90%,6.3,64.21M,54.57,0.6,21.23%,-2.66%,15:26:00
2025-06-11,AAPL,199.12,-1.75%,"44,366,713",61.90M,14.92B,0.64%,1.53,94.83M,43.98,0.82,-5.54%,-1.82%,15:26:00
2025-06-11,NVDA,142.21,-1.22%,"133,601,893",264.75M,23.40B,0.98%,0.87,229.34M,65.68,0.57,15.62%,0.20%,15:26:00
2025-06-11,BYSI,2.79,11.16%,"140,190",25.64K,29.31M,6.29%,71.88,1.84M,81,6.24,69.09%,65.09%,15:26:00
2025-06-11,SLSR,4.49,2.05%,"20,472",55.03K,89.08M,2.82%,45.59,2.51M,58.42,0.42,7.42%,-1.54%,15:26:00
2025-06-11,STKS,3.71,-2.37%,"46,114",68.20K,24.53M,7.16%,25.74,1.76M,53.89,0.77,-15.30%,5.10%,15:26:00
2025-06-11,GAIN,13.93,-0.39%,"67,002",155.28K,36.10M,8.61%,20.01,3.11M,48.43,0.49,2.84%,-3.23%,15:26:00
2025-06-11,IMMP,1.87,0.27%,"52,105",276.48K,144.81M,2.86%,14.97,4.14M,50,0.22,-0.27%,2.47%,15:26:00
2025-06-11,GME,28.55,-5.31%,"15,871,875",12.34M,408.69M,11.62%,3.85,47.49M,47.07,1.29,1.78%,-4.67%,22:14:00
2025-06-11,TSLA,326.43,0.10%,"121,303,794",127.79M,2.80B,2.75%,0.6,77.00M,52.43,0.95,2.53%,-1.69%,22:14:00
2025-06-11,AMC,3.29,-1.50%,"7,260,686",10.19M,430.80M,14.90%,6.3,64.21M,53.78,0.71,20.51%,-3.24%,22:14:00
2025-06-11,AAPL,198.78,-1.92%,"60,649,994",61.90M,14.92B,0.64%,1.53,94.83M,43.57,0.98,-5.70%,-1.99%,22:14:00
2025-06-11,NVDA,142.83,-0.78%,"166,414,065",264.75M,23.40B,0.98%,0.87,229.34M,66.99,0.63,16.12%,0.64%,22:14:00
2025-06-11,BYSI,2.91,15.94%,"189,426",25.64K,29.31M,6.29%,71.88,1.84M,82.28,7.39,76.36%,72.19%,22:14:00
2025-06-11,SLSR,4.51,2.39%,"31,906",55.03K,89.08M,2.82%,45.59,2.51M,58.86,0.58,7.78%,-1.21%,22:14:00
2025-06-11,STKS,3.74,-1.58%,"65,144",68.20K,24.53M,7.16%,25.74,1.76M,54.78,0.96,-14.61%,5.95%,22:14:00
2025-06-11,GAIN,13.9,-0.57%,"82,704",155.28K,36.10M,8.61%,20.01,3.11M,47.82,0.53,2.65%,-3.41%,22:14:00
2025-06-11,IMMP,1.85,-0.54%,"69,903",276.48K,144.81M,2.86%,14.97,4.14M,48.99,0.25,-1.07%,1.65%,22:14:00
2025-06-12,GME,28.55,-5.31%,"18,039,170",12.56M,408.69M,11.62%,3.78,47.49M,47.07,1.29,1.78%,-4.67%,09:25:00
2025-06-12,TSLA,326.43,0.10%,"122,611,360",126.97M,2.80B,2.75%,0.61,77.00M,52.43,0.95,2.53%,-1.69%,09:25:00
2025-06-12,AMC,3.29,-1.50%,"7,542,215",10.19M,430.80M,14.90%,6.3,64.21M,53.78,0.71,20.51%,-3.24%,09:25:00
2025-06-12,AAPL,198.78,-1.92%,"60,989,856",61.66M,14.92B,0.64%,1.54,94.83M,43.57,0.98,-5.70%,-1.99%,09:25:00
2025-06-12,NVDA,142.83,-0.78%,"167,694,048",261.82M,23.40B,0.98%,0.88,229.34M,66.99,0.63,16.12%,0.64%,09:25:00
2025-06-12,BYSI,2.91,15.94%,"192,616",28.59K,29.31M,6.29%,64.46,1.84M,82.28,7.39,76.36%,72.19%,09:25:00
2025-06-12,SLSR,4.51,2.39%,"31,906",54.96K,89.08M,2.82%,45.64,2.51M,58.86,0.58,7.78%,-1.21%,09:25:00
2025-06-12,STKS,3.74,-1.58%,"65,145",67.54K,24.53M,7.16%,25.99,1.76M,54.78,0.96,-14.61%,5.95%,09:25:00
2025-06-12,GAIN,13.9,-0.57%,"83,986",153.77K,36.10M,8.61%,20.2,3.11M,47.82,0.53,2.65%,-3.41%,09:25:00
2025-06-12,IMMP,1.85,-0.54%,"70,903",275.96K,144.81M,2.86%,14.99,4.14M,48.99,0.25,-1.07%,1.65%,09:25:00
2025-06-12,GME,22.32,-21.82%,"59,533,600",12.56M,408.69M,11.62%,3.78,47.49M,30.25,13.28,-21.38%,-24.21%,11:52:00
2025-06-12,TSLA,326.79,0.11%,"41,816,000",126.97M,2.80B,2.75%,0.61,77.00M,52.55,0.92,-2.18%,14.78%,11:52:00
2025-06-12,AMC,3.17,-3.76%,"5,280,730",10.19M,430.80M,14.90%,6.3,64.21M,49,1.45,15.56%,-6.87%,11:52:00
2025-06-12,AAPL,198.08,-0.35%,"16,306,819",61.66M,14.92B,0.64%,1.54,94.83M,42.68,0.74,-6.97%,-1.27%,11:52:00
2025-06-12,NVDA,144.57,1.22%,"79,590,896",261.82M,23.40B,0.98%,0.88,229.34M,68.87,0.85,11.27%,3.28%,11:52:00
2025-06-12,BYSI,2.9,-0.35%,"80,588",28.59K,29.31M,6.29%,64.46,1.84M,81.78,7.84,68.59%,72.61%,11:52:00
2025-06-12,SLSR,4.52,0.33%,"1,432",54.96K,89.08M,2.82%,45.64,2.51M,59.32,0.07,9.71%,-0.88%,11:52:00
2025-06-12,STKS,3.64,-2.54%,"8,799",67.54K,24.53M,7.16%,25.99,1.76M,51.88,0.36,-19.54%,5.04%,11:52:00
2025-06-12,GAIN,14.2,2.16%,"107,065",153.77K,36.10M,8.61%,20.2,3.11M,55.08,1.94,4.79%,0.71%,11:52:00
2025-06-12,IMMP,1.74,-6.02%,"136,747",275.96K,144.81M,2.86%,14.99,4.14M,42.2,1.39,-8.01%,-2.32%,11:52:00
2025-06-12,GME,22.14,-22.45%,"170,886,637",12.56M,408.69M,11.62%,3.78,47.49M,29.94,13.61,-22.01%,-24.82%,19:41:00
2025-06-12,TSLA,319.11,-2.24%,"103,965,053",126.97M,2.80B,2.75%,0.61,77.00M,49.87,0.82,-4.48%,12.09%,19:41:00
2025-06-12,AMC,3.13,-4.86%,"10,997,589",10.19M,430.80M,14.90%,6.3,64.21M,47.75,1.08,14.23%,-7.94%,19:41:00
2025-06-12,AAPL,199.2,0.21%,"43,768,942",61.66M,14.92B,0.64%,1.54,94.83M,44.27,0.71,-6.45%,-0.71%,19:41:00
2025-06-12,NVDA,145,1.52%,"160,842,617",261.82M,23.40B,0.98%,0.88,229.34M,69.3,0.61,11.60%,3.58%,19:41:00
2025-06-12,BYSI,2.83,-2.75%,"178,495",28.59K,29.31M,6.29%,64.46,1.84M,78.47,6.24,64.53%,68.45%,19:41:00
2025-06-12,SLSR,4.48,-0.55%,"13,490",54.96K,89.08M,2.82%,45.64,2.51M,57.77,0.25,8.74%,-1.75%,19:41:00
2025-06-12,STKS,3.72,-0.53%,"46,877",67.54K,24.53M,7.16%,25.99,1.76M,54.14,0.69,-17.88%,7.20%,19:41:00
2025-06-12,GAIN,14.22,2.30%,"252,136",153.77K,36.10M,8.61%,20.2,3.11M,55.5,1.64,4.94%,0.85%,19:41:00
2025-06-12,IMMP,1.73,-6.49%,"236,707",275.96K,144.81M,2.86%,14.99,4.14M,41.75,0.86,-8.47%,-2.81%,19:41:00
2025-06-13,GME,22.89,3.39%,"30,306,748",15.19M,408.73M,11.62%,3.13,47.49M,33.01,6,-20.33%,-22.62%,11:42:00
2025-06-13,TSLA,318.69,-0.13%,"41,471,962",126.39M,2.80B,2.75%,0.61,77.00M,49.72,0.99,-8.34%,7.98%,11:42:00
2025-06-13,AMC,3.18,1.76%,"2,652,937",10.27M,430.80M,14.90%,6.25,64.21M,49.84,0.78,16.24%,-6.32%,11:42:00
2025-06-13,AAPL,197.52,-0.84%,"20,475,792",61.37M,14.92B,0.64%,1.55,94.83M,42.04,1,-6.97%,-3.14%,11:42:00
2025-06-13,NVDA,142.8,-1.52%,"74,124,969",259.30M,23.40B,0.98%,0.88,229.34M,64.38,0.86,5.51%,0.76%,11:42:00
2025-06-13,BYSI,2.69,-5.10%,"17,186",31.27K,29.31M,6.29%,58.94,1.84M,71.99,1.65,59.43%,57.98%,11:42:00
2025-06-13,SLSR,4.6,2.68%,"11,820",54.34K,89.08M,2.82%,46.16,2.51M,61.47,0.66,17.65%,3.49%,11:42:00
2025-06-13,STKS,3.49,-6.05%,"4,555",67.05K,24.53M,7.16%,26.18,1.76M,47.47,0.2,-16.98%,-1.55%,11:42:00
2025-06-13,GAIN,14.29,0.49%,"136,908",155.65K,36.10M,8.61%,19.96,3.11M,56.99,2.63,3.61%,2.73%,11:42:00
2025-06-13,IMMP,1.72,-0.53%,"15,513",279.00K,144.81M,2.86%,14.83,4.14M,41.25,0.17,-5.97%,-7.48%,11:42:00
2025-06-13,GME,22.36,0.99%,"55,021,482",15.19M,408.73M,11.62%,3.13,47.49M,30.86,3.82,-22.17%,-24.41%,15:55:00
2025-06-13,TSLA,327.22,2.54%,"117,282,306",126.39M,2.80B,2.75%,0.61,77.00M,52.63,0.98,-5.88%,10.87%,15:55:00
2025-06-13,AMC,3.16,1.12%,"6,289,418",10.27M,430.80M,14.90%,6.25,64.21M,49.1,0.65,15.51%,-6.91%,15:55:00
2025-06-13,AAPL,196.34,-1.44%,"38,543,652",61.37M,14.92B,0.64%,1.55,94.83M,40.59,0.66,-7.53%,-3.72%,15:55:00
2025-06-13,NVDA,141.9,-2.14%,"148,627,053",259.30M,23.40B,0.98%,0.88,229.34M,62.56,0.6,4.84%,0.12%,15:55:00
2025-06-13,BYSI,2.73,-3.53%,"97,046",31.27K,29.31M,6.29%,58.94,1.84M,73.87,3.27,62.07%,60.59%,15:55:00
2025-06-13,SLSR,4.66,3.94%,"37,018",54.34K,89.08M,2.82%,46.16,2.51M,63.01,0.72,19.10%,4.76%,15:55:00
2025-06-13,STKS,3.39,-8.87%,"29,402",67.05K,24.53M,7.16%,26.18,1.76M,44.88,0.46,-19.48%,-4.51%,15:55:00
2025-06-13,GAIN,14.14,-0.58%,"198,736",155.65K,36.10M,8.61%,19.96,3.11M,53.32,1.35,2.51%,1.64%,15:55:00
2025-06-13,IMMP,1.71,-1.16%,"39,216",279.00K,144.81M,2.86%,14.83,4.14M,40.67,0.15,-6.56%,-8.06%,15:55:00
2025-06-13,GME,22.14,0.00%,"59,649,834",15.19M,408.73M,11.62%,3.13,47.49M,29.94,3.93,-22.94%,-25.15%,20:08:00
2025-06-13,TSLA,325.31,1.94%,"128,439,014",126.39M,2.80B,2.75%,0.61,77.00M,52.01,1.02,-6.43%,10.22%,20:08:00
2025-06-13,AMC,3.15,0.64%,"7,850,681",10.27M,430.80M,14.90%,6.25,64.21M,48.53,0.76,14.96%,-7.35%,20:08:00
2025-06-13,AAPL,196.45,-1.38%,"51,282,817",61.37M,14.92B,0.64%,1.55,94.83M,40.72,0.84,-7.48%,-3.66%,20:08:00
2025-06-13,NVDA,141.97,-2.09%,"177,084,632",259.30M,23.40B,0.98%,0.88,229.34M,62.71,0.68,4.90%,0.18%,20:08:00
2025-06-13,BYSI,2.79,-1.41%,"106,749",31.27K,29.31M,6.29%,58.94,1.84M,76.56,3.41,65.63%,64.12%,20:08:00
2025-06-13,SLSR,4.63,3.35%,"57,325",54.34K,89.08M,2.82%,46.16,2.51M,62.3,1.05,18.41%,4.16%,20:08:00
2025-06-13,STKS,3.45,-7.26%,"53,636",67.05K,24.53M,7.16%,26.18,1.76M,46.32,0.8,-18.05%,-2.82%,20:08:00
2025-06-13,GAIN,14.13,-0.63%,"251,008",155.65K,36.10M,8.61%,19.96,3.11M,53.13,1.61,2.45%,1.58%,20:08:00
2025-06-13,IMMP,1.74,0.58%,"46,848",279.00K,144.81M,2.86%,14.83,4.14M,42.51,0.17,-4.92%,-6.45%,20:08:00
2025-06-14,GME,22.14,0.00%,"59,649,834",15.19M,408.73M,11.62%,3.13,47.49M,29.94,3.93,-22.94%,-25.15%,09:21:00
2025-06-14,TSLA,325.31,1.94%,"128,439,014",126.39M,2.80B,2.75%,0.61,77.00M,52.01,1.02,-6.43%,10.22%,09:21:00
2025-06-14,AMC,3.15,0.64%,"7,850,681",10.27M,430.80M,14.90%,6.25,64.21M,48.53,0.76,14.96%,-7.35%,09:21:00
2025-06-14,AAPL,196.45,-1.38%,"51,282,817",61.37M,14.92B,0.64%,1.55,94.83M,40.72,0.84,-7.48%,-3.66%,09:21:00
2025-06-14,NVDA,141.97,-2.09%,"177,084,632",259.30M,23.40B,0.98%,0.88,229.34M,62.71,0.68,4.90%,0.18%,09:21:00
2025-06-14,BYSI,2.79,-1.41%,"106,749",31.27K,29.31M,6.29%,58.94,1.84M,76.56,3.41,65.63%,64.12%,09:21:00
2025-06-14,SLSR,4.63,3.35%,"57,325",54.34K,89.08M,2.82%,46.16,2.51M,62.3,1.05,18.41%,4.16%,09:21:00
2025-06-14,STKS,3.45,-7.26%,"53,636",67.05K,24.53M,7.16%,26.18,1.76M,46.32,0.8,-18.05%,-2.82%,09:21:00
2025-06-14,GAIN,14.13,-0.63%,"251,008",155.65K,36.10M,8.61%,19.96,3.11M,53.13,1.61,2.45%,1.58%,09:21:00
2025-06-14,IMMP,1.74,0.58%,"46,848",279.00K,144.81M,2.86%,14.83,4.14M,42.51,0.17,-4.92%,-6.45%,09:21:00
2025-06-14,GME,22.14,0.00%,"59,649,834",15.19M,408.73M,11.62%,3.13,47.49M,29.94,3.93,-22.94%,-25.15%,14:56:00
2025-06-14,TSLA,325.31,1.94%,"128,439,014",126.39M,2.80B,2.75%,0.61,77.00M,52.01,1.02,-6.43%,10.22%,14:56:00
2025-06-14,AMC,3.15,0.64%,"7,850,681",10.27M,430.80M,14.90%,6.25,64.21M,48.53,0.76,14.96%,-7.35%,14:56:00
2025-06-14,AAPL,196.45,-1.38%,"51,282,817",61.37M,14.92B,0.64%,1.55,94.83M,40.72,0.84,-7.48%,-3.66%,14:56:00
2025-06-14,NVDA,141.97,-2.09%,"177,084,632",259.30M,23.40B,0.98%,0.88,229.34M,62.71,0.68,4.90%,0.18%,14:56:00
2025-06-14,BYSI,2.79,-1.41%,"106,749",31.27K,29.31M,6.29%,58.94,1.84M,76.56,3.41,65.63%,64.12%,14:56:00
2025-06-14,SLSR,4.63,3.35%,"57,325",54.34K,89.08M,2.91%,47.63,2.59M,62.3,1.05,18.41%,4.16%,14:56:00
2025-06-14,STKS,3.45,-7.26%,"53,636",67.05K,24.53M,7.16%,26.18,1.76M,46.32,0.8,-18.05%,-2.82%,14:56:00
2025-06-14,GAIN,14.13,-0.63%,"251,008",155.65K,36.10M,8.61%,19.96,3.11M,53.13,1.61,2.45%,1.58%,14:56:00
2025-06-14,IMMP,1.74,0.58%,"46,848",279.00K,144.81M,2.86%,14.83,4.14M,42.51,0.17,-4.92%,-6.45%,14:56:00
2025-06-16,GME,22.99,3.83%,"15,912,159",16.07M,408.73M,11.62%,2.96,47.49M,33.64,2.61,-19.71%,-24.23%,12:01:00
2025-06-16,TSLA,329.15,1.18%,"40,424,650",126.61M,2.80B,2.75%,0.61,77.00M,53.34,0.84,-3.99%,6.67%,12:01:00
2025-06-16,AMC,3.17,0.63%,"2,362,257",10.27M,430.80M,14.90%,6.25,64.21M,49.33,0.61,12.80%,-5.38%,12:01:00
2025-06-16,AAPL,197.15,0.35%,"17,146,228",61.21M,14.92B,0.64%,1.55,94.83M,41.99,0.74,-6.77%,-2.14%,12:01:00
2025-06-16,NVDA,145.68,2.61%,"92,373,444",257.45M,23.41B,0.98%,0.89,229.34M,66.86,0.95,8.05%,2.14%,12:01:00
2025-06-16,BYSI,2.98,6.81%,"37,098",32.81K,29.31M,6.29%,56.17,1.84M,79.16,2.98,77.38%,34.84%,12:01:00
2025-06-16,SLSR,4.61,-0.43%,"9,870",54.58K,88.95M,2.91%,47.42,2.59M,61.35,0.48,19.43%,3.13%,12:01:00
2025-06-16,STKS,3.57,3.48%,"6,546",66.01K,24.53M,7.16%,26.59,1.76M,49.79,0.26,-19.05%,-3.25%,12:01:00
2025-06-16,GAIN,14.21,0.53%,"96,282",158.10K,36.10M,8.61%,19.65,3.11M,54.87,1.61,1.65%,1.61%,12:01:00
2025-06-16,IMMP,1.74,0.00%,"38,070",279.03K,144.81M,2.86%,14.83,4.14M,42.51,0.36,-12.12%,-5.43%,12:01:00
2025-06-16,GME,23.35,5.49%,"22,775,201",16.07M,408.73M,11.62%,2.96,47.49M,35.13,1.58,-18.42%,-23.02%,15:32:00
2025-06-16,TSLA,329.23,1.21%,"69,097,017",126.61M,2.80B,2.75%,0.61,77.00M,53.37,0.61,-3.96%,6.69%,15:32:00
2025-06-16,AMC,3.14,-0.16%,"4,649,203",10.27M,430.80M,14.90%,6.25,64.21M,48.34,0.51,11.92%,-6.12%,15:32:00
2025-06-16,AAPL,198.02,0.80%,"28,495,409",61.21M,14.92B,0.64%,1.55,94.83M,43.5,0.52,-6.35%,-1.70%,15:32:00
2025-06-16,NVDA,144.8,1.99%,"145,308,110",257.45M,23.41B,0.98%,0.89,229.34M,65.97,0.63,7.40%,1.52%,15:32:00
2025-06-16,BYSI,3.04,8.96%,"99,683",32.81K,29.31M,6.29%,56.17,1.84M,79.86,3.39,80.95%,37.56%,15:32:00
2025-06-16,SLSR,4.61,-0.43%,"30,139",54.58K,88.95M,2.91%,47.42,2.59M,61.35,0.62,19.43%,3.13%,15:32:00
2025-06-16,STKS,3.71,7.54%,"34,960",66.01K,24.53M,7.16%,26.59,1.76M,53.31,0.59,-15.87%,0.54%,15:32:00
2025-06-16,GAIN,14.13,0.00%,"142,139",158.10K,36.10M,8.61%,19.65,3.11M,53.13,1,1.11%,1.07%,15:32:00
2025-06-16,IMMP,1.71,-2.01%,"59,810",279.03K,144.81M,2.86%,14.83,4.14M,40.51,0.24,-13.89%,-7.34%,15:32:00
2025-06-16,GME,23.32,5.33%,"31,237,664",16.07M,408.73M,11.62%,2.96,47.49M,34.99,1.94,-18.55%,-23.14%,23:32:00
2025-06-16,TSLA,329.13,1.17%,"82,754,418",126.61M,2.80B,2.75%,0.61,77.00M,53.33,0.65,-3.99%,6.66%,23:32:00
2025-06-16,AMC,3.13,-0.63%,"6,146,892",10.27M,430.80M,14.90%,6.25,64.21M,47.77,0.6,11.39%,-6.57%,23:32:00
2025-06-16,AAPL,198.42,1.00%,"42,787,921",61.21M,14.92B,0.64%,1.55,94.83M,44.17,0.7,-6.16%,-1.50%,23:32:00
2025-06-16,NVDA,144.69,1.92%,"181,533,842",257.45M,23.41B,0.98%,0.89,229.34M,65.85,0.71,7.31%,1.44%,23:32:00
2025-06-16,BYSI,3,7.53%,"142,211",32.81K,29.31M,6.29%,56.17,1.84M,79.4,4.33,78.57%,35.75%,23:32:00
2025-06-16,SLSR,4.64,0.22%,"61,561",54.58K,88.95M,2.91%,47.42,2.59M,62.59,1.13,20.21%,3.80%,23:32:00
2025-06-16,STKS,3.73,8.12%,"49,137",66.01K,24.53M,7.16%,26.59,1.76M,53.78,0.74,-15.42%,1.08%,23:32:00
2025-06-16,GAIN,14.15,0.14%,"156,336",158.10K,36.10M,8.61%,19.65,3.11M,53.6,0.99,1.25%,1.22%,23:32:00
2025-06-16,IMMP,1.71,-1.72%,"67,619",279.03K,144.81M,2.86%,14.83,4.14M,40.79,0.24,-13.64%,-7.07%,23:32:00
2025-06-17,GME,23.61,1.24%,"12,415,150",16.50M,408.73M,11.62%,2.88,47.49M,36.21,1.79,-17.01%,-21.69%,12:17:00
2025-06-17,TSLA,319.42,-2.95%,"40,942,027",126.36M,2.80B,2.75%,0.61,77.00M,49.6,0.77,-8.73%,-2.04%,12:17:00
2025-06-17,AMC,3.11,-0.64%,"2,251,421",10.24M,430.80M,14.90%,6.27,64.21M,46.97,0.52,5.42%,-6.89%,12:17:00
2025-06-17,AAPL,197.96,-0.23%,"13,379,762",60.95M,14.92B,0.64%,1.56,94.83M,43.54,0.52,-6.30%,-2.32%,12:17:00
2025-06-17,NVDA,144.79,0.07%,"59,378,329",255.97M,23.41B,0.98%,0.9,229.34M,65.96,0.55,6.93%,0.57%,12:17:00
2025-06-17,BYSI,3.2,6.67%,"43,932",34.82K,29.31M,6.29%,52.92,1.84M,81.67,3,92.77%,27.49%,12:17:00
2025-06-17,SLSR,4.54,-2.16%,"9,045",55.27K,88.95M,2.91%,46.82,2.59M,57.82,0.39,18.85%,3.18%,12:17:00
2025-06-17,STKS,3.7,-0.80%,"7,870",65.85K,24.53M,7.16%,26.66,1.76M,52.93,0.28,-13.15%,-2.63%,12:17:00
2025-06-17,GAIN,14.14,-0.11%,"86,906",158.26K,36.10M,8.61%,19.63,3.11M,53.17,1.31,-0.30%,1.11%,12:17:00
2025-06-17,IMMP,1.71,-0.29%,"12,012",279.47K,144.81M,2.86%,14.81,4.14M,40.49,0.1,-16.01%,-8.33%,12:17:00
2025-06-17,GME,22.9,-1.80%,"21,293,684",16.50M,408.73M,11.62%,2.88,47.49M,34.05,1.47,-19.51%,-24.05%,15:25:00
2025-06-17,TSLA,316.79,-3.75%,"72,414,639",126.36M,2.80B,2.75%,0.61,77.00M,48.67,0.65,-9.48%,-2.85%,15:25:00
2025-06-17,AMC,3.03,-3.20%,"4,500,102",10.24M,430.80M,14.90%,6.27,64.21M,44.03,0.5,2.71%,-9.28%,15:25:00
2025-06-17,AAPL,195.77,-1.34%,"25,675,956",60.95M,14.92B,0.64%,1.56,94.83M,40.74,0.48,-7.33%,-3.40%,15:25:00
2025-06-17,NVDA,144.17,-0.36%,"105,335,543",255.97M,23.41B,0.98%,0.9,229.34M,64.73,0.47,6.48%,0.15%,15:25:00
2025-06-17,BYSI,3.24,8.17%,"90,302",34.82K,29.31M,6.29%,52.92,1.84M,82.12,2.96,95.48%,29.28%,15:25:00
2025-06-17,SLSR,4.56,-1.72%,"11,116",55.27K,88.95M,2.91%,46.82,2.59M,58.72,0.23,19.37%,3.64%,15:25:00
2025-06-17,STKS,3.65,-2.14%,"21,775",65.85K,24.53M,7.16%,26.66,1.76M,51.57,0.38,-14.32%,-3.95%,15:25:00
2025-06-17,GAIN,14.11,-0.31%,"151,581",158.26K,36.10M,8.61%,19.63,3.11M,52.36,1.09,-0.50%,0.90%,15:25:00
2025-06-17,IMMP,1.68,-1.46%,"43,402",279.47K,144.81M,2.86%,14.81,4.14M,39.36,0.18,-17.00%,-9.41%,15:25:00
2025-06-17,GME,22.99,-1.42%,"24,706,401",16.50M,408.73M,11.62%,2.88,47.49M,34.24,1.5,-19.19%,-23.75%,22:27:00
2025-06-17,TSLA,316.35,-3.88%,"86,954,499",126.36M,2.80B,2.75%,0.61,77.00M,48.52,0.69,-9.61%,-2.99%,22:27:00
2025-06-17,AMC,3,-4.15%,"6,509,983",10.24M,430.80M,14.90%,6.27,64.21M,43.02,0.64,1.69%,-10.18%,22:27:00
2025-06-17,AAPL,195.64,-1.40%,"38,426,996",60.95M,14.92B,0.64%,1.56,94.83M,40.58,0.63,-7.39%,-3.47%,22:27:00
2025-06-17,NVDA,144.12,-0.39%,"137,713,820",255.97M,23.41B,0.98%,0.9,229.34M,64.62,0.54,6.44%,0.11%,22:27:00
2025-06-17,BYSI,3.4,13.33%,"138,275",34.82K,29.31M,6.29%,52.92,1.84M,83.49,3.97,104.82%,35.46%,22:27:00
2025-06-17,SLSR,4.61,-0.75%,"20,239",55.27K,88.95M,2.91%,46.82,2.59M,60.83,0.37,20.55%,4.66%,22:27:00
2025-06-17,STKS,3.66,-1.88%,"34,091",65.85K,24.53M,7.16%,26.66,1.76M,51.84,0.52,-14.08%,-3.68%,22:27:00
2025-06-17,GAIN,14.05,-0.71%,"200,577",158.26K,36.10M,8.61%,19.63,3.11M,50.84,1.27,-0.90%,0.50%,22:27:00
2025-06-17,IMMP,1.66,-2.92%,"68,210",279.47K,144.81M,2.86%,14.81,4.14M,38.02,0.24,-18.23%,-10.75%,22:27:00
2025-06-18,GME,23.05,0.26%,"1,149,907",16.84M,408.73M,11.62%,2.82,47.49M,34.52,0.63,-17.35%,-19.26%,10:09:00
2025-06-18,TSLA,321.7,1.69%,"14,377,377",125.99M,2.80B,2.75%,0.61,77.00M,50.53,1.05,-5.96%,-1.45%,10:09:00
2025-06-18,AMC,3.03,1.00%,"1,051,930",10.23M,430.80M,14.90%,6.28,64.21M,44.39,0.95,4.48%,-7.90%,10:09:00
2025-06-18,AAPL,196.16,0.27%,"4,808,868",60.80M,14.92B,0.64%,1.56,94.83M,41.54,0.73,-6.04%,-1.32%,10:09:00
2025-06-18,NVDA,144.26,0.10%,"19,162,498",254.18M,23.41B,0.98%,0.9,229.34M,64.8,0.7,6.41%,1.00%,10:09:00
2025-06-18,BYSI,3.16,-7.06%,"3,819",36.92K,29.31M,6.29%,49.91,1.84M,73.99,1,89.22%,8.59%,10:09:00
2025-06-18,SLSR,4.54,-1.41%,516,54.76K,88.95M,2.91%,47.26,2.59M,57.6,0.09,18.23%,0.78%,10:09:00
2025-06-18,STKS,3.61,-1.37%,"3,880",65.82K,24.53M,7.16%,26.67,1.76M,50.44,0.54,-16.05%,-3.48%,10:09:00
2025-06-18,GAIN,14.19,1.00%,"23,583",159.09K,36.10M,8.61%,19.53,3.11M,54.38,1.37,-1.32%,2.09%,10:09:00
2025-06-18,IMMP,1.64,-1.20%,"25,818",280.07K,144.81M,2.86%,14.77,4.14M,36.94,0.85,-19.61%,-11.35%,10:09:00
2025-06-18,GME,23.44,1.96%,"14,597,561",16.84M,408.73M,11.62%,2.82,47.49M,36.24,0.87,-15.96%,-17.90%,17:33:00
2025-06-18,TSLA,322.05,1.80%,"94,509,753",125.99M,2.80B,2.75%,0.61,77.00M,50.66,0.75,-5.86%,-1.34%,17:33:00
2025-06-18,AMC,3.02,0.67%,"6,268,866",10.23M,430.80M,14.90%,6.28,64.21M,43.94,0.61,4.14%,-8.21%,17:33:00
2025-06-18,AAPL,196.58,0.48%,"45,190,382",60.80M,14.92B,0.64%,1.56,94.83M,42.29,0.74,-5.84%,-1.11%,17:33:00
2025-06-18,NVDA,145.48,0.94%,"160,579,724",254.18M,23.41B,0.98%,0.9,229.34M,66.24,0.63,7.31%,1.86%,17:33:00
2025-06-18,BYSI,3.11,-8.53%,"213,609",36.92K,29.31M,6.29%,49.91,1.84M,72.27,5.79,86.23%,6.87%,17:33:00
2025-06-18,SLSR,4.56,-0.98%,"39,358",54.76K,88.95M,2.91%,47.26,2.59M,58.56,0.72,18.75%,1.22%,17:33:00
2025-06-18,STKS,3.33,-9.02%,"188,077",65.82K,24.53M,7.16%,26.67,1.76M,43.82,2.86,-22.56%,-10.96%,17:33:00
2025-06-18,GAIN,14.06,0.07%,"173,868",159.09K,36.10M,8.61%,19.53,3.11M,51.11,1.09,-2.22%,1.15%,17:33:00
2025-06-18,IMMP,1.61,-3.01%,"135,546",280.07K,144.81M,2.86%,14.77,4.14M,35.43,0.48,-21.08%,-12.97%,17:33:00
2025-06-19,GME,23.44,1.96%,"14,597,561",16.84M,408.73M,11.62%,2.82,47.49M,36.24,0.87,-15.96%,-17.90%,12:13:00
2025-06-19,TSLA,322.05,1.80%,"94,509,753",125.99M,2.80B,2.75%,0.61,77.00M,50.66,0.75,-5.86%,-1.34%,12:13:00
2025-06-19,AMC,3.02,0.67%,"6,268,866",10.23M,430.80M,14.90%,6.28,64.21M,43.94,0.61,4.14%,-8.21%,12:13:00
2025-06-19,AAPL,196.58,0.48%,"45,190,382",60.80M,14.92B,0.64%,1.56,94.83M,42.29,0.74,-5.84%,-1.11%,12:13:00
2025-06-19,NVDA,145.48,0.94%,"160,579,724",254.18M,23.41B,0.98%,0.9,229.34M,66.24,0.63,7.31%,1.86%,12:13:00
2025-06-19,BYSI,3.11,-8.53%,"213,609",36.92K,29.31M,6.29%,49.91,1.84M,72.27,5.79,86.23%,6.87%,12:13:00
2025-06-19,SLSR,4.56,-0.98%,"39,358",54.76K,88.95M,2.91%,47.26,2.59M,58.56,0.72,18.75%,1.22%,12:13:00
2025-06-19,STKS,3.33,-9.02%,"188,077",65.82K,24.53M,7.16%,26.67,1.76M,43.82,2.86,-22.56%,-10.96%,12:13:00
2025-06-19,GAIN,14.06,0.07%,"173,868",159.09K,36.10M,8.61%,19.53,3.11M,51.11,1.09,-2.22%,1.15%,12:13:00
2025-06-19,IMMP,1.61,-3.01%,"135,546",280.07K,144.81M,2.86%,14.77,4.14M,35.43,0.48,-21.08%,-12.97%,12:13:00
2025-06-19,GME,23.44,1.96%,"14,597,561",16.84M,408.73M,11.62%,2.82,47.49M,36.24,0.87,-15.96%,-17.90%,20:23:00
2025-06-19,TSLA,322.05,1.80%,"94,509,753",125.99M,2.80B,2.75%,0.61,77.00M,50.66,0.75,-5.86%,-1.34%,20:23:00
2025-06-19,AMC,3.02,0.67%,"6,268,866",10.23M,430.80M,14.90%,6.28,64.21M,43.94,0.61,4.14%,-8.21%,20:23:00
2025-06-19,AAPL,196.58,0.48%,"45,190,382",60.80M,14.92B,0.64%,1.56,94.83M,42.29,0.74,-5.84%,-1.11%,20:23:00
2025-06-19,NVDA,145.48,0.94%,"160,579,724",254.18M,23.40B,0.98%,0.9,229.34M,66.24,0.63,7.31%,1.86%,20:23:00
2025-06-19,BYSI,3.11,-8.53%,"213,609",36.92K,29.31M,6.29%,49.91,1.84M,72.27,5.79,86.23%,6.87%,20:23:00
2025-06-19,SLSR,4.56,-0.98%,"39,358",54.76K,88.95M,2.91%,47.26,2.59M,58.56,0.72,18.75%,1.22%,20:23:00
2025-06-19,STKS,3.33,-9.02%,"188,077",65.82K,24.53M,7.16%,26.67,1.76M,43.82,2.86,-22.56%,-10.96%,20:23:00
2025-06-19,GAIN,14.06,0.07%,"173,868",159.09K,36.10M,8.61%,19.53,3.11M,51.11,1.09,-2.22%,1.15%,20:23:00
2025-06-19,IMMP,1.61,-3.01%,"135,546",280.07K,144.81M,2.86%,14.77,4.14M,35.43,0.48,-21.08%,-12.97%,20:23:00
2025-06-20,GME,23.44,0.00%,0,17.04M,408.73M,11.62%,2.79,47.49M,36.24,0,-15.96%,-17.90%,09:32:00
2025-06-20,TSLA,322.05,0.00%,0,125.73M,2.80B,2.75%,0.61,77.00M,50.66,0,-5.86%,-1.34%,09:32:00
2025-06-20,AMC,3.02,0.00%,0,10.23M,430.80M,14.90%,6.28,64.21M,43.94,0,4.14%,-8.21%,09:32:00
2025-06-20,AAPL,196.58,0.00%,0,60.85M,14.92B,0.64%,1.56,94.83M,42.29,0,-5.84%,-1.11%,09:32:00
2025-06-20,NVDA,145.48,0.00%,0,252.02M,23.40B,0.98%,0.91,229.34M,66.24,0,7.31%,1.86%,09:32:00
2025-06-20,BYSI,3.11,0.00%,0,40.17K,29.31M,6.29%,45.88,1.84M,72.27,0,86.23%,6.87%,09:32:00
2025-06-20,SLSR,4.56,0.00%,0,54.63K,88.95M,2.91%,47.37,2.59M,58.56,0,18.75%,1.22%,09:32:00
2025-06-20,STKS,3.33,0.00%,0,67.55K,24.53M,7.16%,25.99,1.76M,43.82,0,-22.56%,-10.96%,09:32:00
2025-06-20,GAIN,14.06,0.00%,0,159.38K,36.10M,8.61%,19.49,3.11M,51.11,0,-2.22%,1.15%,09:32:00
2025-06-20,IMMP,1.61,0.00%,0,281.59K,144.81M,2.86%,14.69,4.14M,35.43,0,-21.08%,-12.97%,09:32:00
2025-06-20,GME,23.54,0.43%,"10,424,233",17.04M,408.73M,11.62%,2.79,47.49M,36.69,0.93,-17.43%,6.32%,13:56:00
2025-06-20,TSLA,320.9,-0.36%,"74,379,995",125.73M,2.80B,2.75%,0.61,77.00M,50.2,0.89,-6.67%,0.56%,13:56:00
2025-06-20,AMC,2.99,-0.83%,"4,051,138",10.23M,430.80M,14.90%,6.28,64.21M,43,0.6,-0.50%,-4.31%,13:56:00
2025-06-20,AAPL,198.31,0.88%,"42,162,908",60.85M,14.92B,0.64%,1.56,94.83M,45.4,1.05,-4.13%,-0.45%,13:56:00
2025-06-20,NVDA,143.49,-1.37%,"144,358,817",252.02M,23.40B,0.98%,0.91,229.34M,61.79,0.87,6.78%,-1.04%,13:56:00
2025-06-20,BYSI,3.13,0.80%,"53,799",40.17K,29.31M,6.29%,45.88,1.84M,72.62,2.03,81.93%,10.78%,13:56:00
2025-06-20,SLSR,4.47,-1.97%,"9,569",54.63K,88.95M,2.91%,47.37,2.59M,54.2,0.27,13.16%,-0.22%,13:56:00
2025-06-20,STKS,3.21,-3.60%,"51,826",67.55K,24.53M,7.16%,25.99,1.76M,41.32,1.16,-11.57%,-13.71%,13:56:00
2025-06-20,GAIN,14.01,-0.36%,"98,460",159.38K,36.10M,8.61%,19.49,3.11M,49.63,0.93,-2.70%,-1.48%,13:56:00
2025-06-20,IMMP,1.6,-0.93%,"50,012",281.59K,144.81M,2.86%,14.69,4.14M,34.67,0.27,-20.65%,-7.80%,13:56:00
2025-06-20,GME,23.46,0.09%,"19,883,983",17.04M,408.73M,11.62%,2.79,47.49M,36.33,1.17,-17.71%,5.96%,21:07:00
2025-06-20,TSLA,322.16,0.03%,"108,027,528",125.73M,2.80B,2.75%,0.61,77.00M,50.7,0.86,-6.30%,0.96%,21:07:00
2025-06-20,AMC,3.01,-0.33%,"9,616,486",10.23M,430.80M,14.90%,6.28,64.21M,43.56,0.94,0.00%,-3.83%,21:07:00
2025-06-20,AAPL,201,2.25%,"95,302,277",60.85M,14.92B,0.64%,1.56,94.83M,49.62,1.57,-2.83%,0.90%,21:07:00
2025-06-20,NVDA,143.85,-1.12%,"240,498,882",252.02M,23.40B,0.98%,0.91,229.34M,62.55,0.95,7.05%,-0.79%,21:07:00
2025-06-20,BYSI,3.17,1.93%,"1,343,133",40.17K,29.31M,6.29%,45.88,1.84M,73.08,33.44,83.96%,12.01%,21:07:00
2025-06-20,SLSR,4.43,-2.85%,"19,222",54.63K,88.95M,2.91%,47.37,2.59M,52.46,0.35,12.15%,-1.12%,21:07:00
2025-06-20,STKS,3.43,3.00%,"118,596",67.55K,24.53M,7.16%,25.99,1.76M,46.52,1.76,-5.51%,-7.80%,21:07:00
2025-06-20,GAIN,14.07,0.07%,"287,461",159.38K,36.10M,8.61%,19.49,3.11M,51.4,1.8,-2.29%,-1.05%,21:07:00
2025-06-20,IMMP,1.6,-0.62%,"127,205",281.59K,144.81M,2.86%,14.69,4.14M,34.92,0.45,-20.40%,-7.51%,21:07:00
2025-06-23,GME,23.46,0.00%,0,17.54M,408.73M,11.62%,2.71,47.49M,36.33,0,-17.71%,5.96%,09:39:00
2025-06-23,TSLA,322.16,0.00%,0,126.10M,2.80B,2.75%,0.61,77.00M,50.7,0,-6.30%,0.96%,09:39:00
2025-06-23,AMC,3.01,0.00%,0,10.34M,430.80M,14.90%,6.21,64.21M,43.56,0,0.00%,-3.83%,09:39:00
2025-06-23,AAPL,201,0.00%,0,61.71M,14.92B,0.64%,1.54,94.83M,49.62,0,-2.83%,0.90%,09:39:00
2025-06-23,NVDA,143.85,0.00%,0,251.59M,23.40B,0.98%,0.91,229.34M,62.55,0,7.05%,-0.79%,09:39:00
2025-06-23,BYSI,3.17,0.00%,0,61.04K,29.31M,6.29%,30.19,1.84M,73.08,0,83.96%,12.01%,09:39:00
2025-06-23,SLSR,4.43,0.00%,0,54.61K,88.95M,2.91%,47.39,2.59M,52.46,0,12.15%,-1.12%,09:39:00
2025-06-23,STKS,3.43,0.00%,0,69.43K,24.53M,7.16%,25.28,1.76M,46.52,0,-5.51%,-7.80%,09:39:00
2025-06-23,GAIN,14.07,0.00%,0,163.94K,36.10M,8.61%,18.95,3.11M,51.4,0,-2.29%,-1.05%,09:39:00
2025-06-23,IMMP,1.6,0.00%,0,286.39K,144.81M,2.86%,14.45,4.14M,34.92,0,-20.40%,-7.51%,09:39:00
2025-06-23,GME,22.79,-2.86%,"8,468,347",17.54M,408.73M,11.62%,2.71,47.49M,34.52,0.75,-18.75%,2.94%,13:47:00
2025-06-23,TSLA,352.43,9.40%,"142,258,478",126.10M,2.80B,2.75%,0.61,77.00M,60.74,1.76,5.32%,8.34%,13:47:00
2025-06-23,AMC,2.96,-1.50%,"4,145,997",10.34M,430.80M,14.90%,6.21,64.21M,41.81,0.63,1.19%,-5.87%,13:47:00
2025-06-23,AAPL,201.48,0.24%,"28,395,084",61.71M,14.92B,0.64%,1.54,94.83M,50.36,0.72,-0.30%,2.56%,13:47:00
2025-06-23,NVDA,144.64,0.55%,"98,499,568",251.59M,23.40B,0.98%,0.91,229.34M,63.61,0.61,9.74%,1.88%,13:47:00
2025-06-23,BYSI,3.12,-1.58%,"15,859",61.04K,29.31M,6.29%,30.19,1.84M,71.22,0.41,85.71%,11.83%,13:47:00
2025-06-23,SLSR,4.39,-0.90%,"2,068",54.61K,88.95M,2.91%,47.39,2.59M,50.72,0.06,2.57%,-5.18%,13:47:00
2025-06-23,STKS,3.77,9.77%,"83,604",69.43K,24.53M,7.16%,25.28,1.76M,54.42,1.88,4.15%,9.13%,13:47:00
2025-06-23,GAIN,13.98,-0.68%,"87,233",163.94K,36.10M,8.61%,18.95,3.11M,48.46,0.83,-1.16%,-1.10%,13:47:00
2025-06-23,IMMP,1.54,-3.44%,"217,046",286.39K,144.81M,2.86%,14.45,4.14M,32.16,1.19,-20.36%,-11.21%,13:47:00
2025-06-23,GME,22.82,-2.73%,"11,878,480",17.54M,408.73M,11.62%,2.71,47.49M,34.6,0.68,-18.65%,3.07%,23:32:00
2025-06-23,TSLA,348.68,8.23%,"186,796,125",126.10M,2.80B,2.75%,0.61,77.00M,59.72,1.48,4.20%,7.18%,23:32:00
2025-06-23,AMC,2.99,-0.66%,"6,456,050",10.34M,430.80M,14.90%,6.21,64.21M,42.76,0.62,2.05%,-5.08%,23:32:00
2025-06-23,AAPL,201.5,0.25%,"55,471,602",61.71M,14.92B,0.64%,1.54,94.83M,50.39,0.9,-0.29%,2.57%,23:32:00
2025-06-23,NVDA,144.17,0.22%,"151,522,785",251.59M,23.40B,0.98%,0.91,229.34M,62.99,0.6,9.39%,1.55%,23:32:00
2025-06-23,BYSI,2.74,-13.56%,"84,065",61.04K,29.31M,6.29%,30.19,1.84M,59.69,1.38,63.10%,-1.79%,23:32:00
2025-06-23,SLSR,4.41,-0.56%,"12,431",54.61K,88.95M,2.91%,47.39,2.59M,51.36,0.23,2.92%,-4.86%,23:32:00
2025-06-23,STKS,4.01,16.91%,"142,189",69.43K,24.53M,7.16%,25.28,1.76M,58.86,2.05,10.93%,16.23%,23:32:00
2025-06-23,GAIN,13.99,-0.57%,"131,688",163.94K,36.10M,8.61%,18.95,3.11M,48.91,0.8,-1.05%,-0.99%,23:32:00
2025-06-23,IMMP,1.52,-5.00%,"285,510",286.39K,144.81M,2.86%,14.45,4.14M,31.05,1,-21.65%,-12.64%,23:32:00
2025-06-24,GME,23.1,1.23%,"2,518,952",17.63M,408.73M,11.62%,2.69,47.49M,36.03,0.79,-25.15%,-0.94%,10:40:00
2025-06-24,TSLA,342.85,-1.67%,"39,961,532",127.02M,2.80B,2.75%,0.61,77.00M,57.24,1.73,0.53%,4.17%,10:40:00
2025-06-24,AMC,3.03,1.37%,"1,336,544",10.20M,430.80M,14.90%,6.3,64.21M,44.99,0.72,-6.45%,-3.16%,10:40:00
2025-06-24,AAPL,201.22,-0.14%,"12,013,188",61.10M,14.92B,0.64%,1.55,94.83M,49.93,1.08,-0.07%,1.41%,10:40:00
2025-06-24,NVDA,146.7,1.75%,"55,807,870",249.80M,23.40B,0.98%,0.92,229.34M,66.32,1.23,10.44%,1.39%,10:40:00
2025-06-24,BYSI,2.63,-4.01%,"12,241",62.31K,29.31M,6.29%,29.57,1.84M,56.82,1.14,56.55%,-12.33%,10:40:00
2025-06-24,SLSR,4.47,1.48%,75,54.23K,88.95M,2.91%,47.73,2.59M,54.07,0.01,7.97%,-3.66%,10:40:00
2025-06-24,STKS,4.24,5.74%,"56,519",69.89K,24.53M,7.16%,25.12,1.76M,62.56,4.45,16.80%,13.67%,10:40:00
2025-06-24,GAIN,14.09,0.71%,"23,848",161.31K,36.10M,8.61%,19.26,3.11M,52.04,0.81,-0.07%,-0.42%,10:40:00
2025-06-24,IMMP,1.55,1.97%,"24,287",290.03K,144.81M,2.86%,14.27,4.14M,34,0.47,-21.32%,-9.36%,10:40:00
2025-06-24,GME,22.91,0.40%,"7,064,035",17.63M,408.73M,11.62%,2.69,47.49M,35.07,0.57,-25.76%,-1.75%,14:14:00
2025-06-24,TSLA,341.39,-2.09%,"87,176,338",127.02M,2.80B,2.75%,0.61,77.00M,56.66,0.97,0.10%,3.73%,14:14:00
2025-06-24,AMC,3.02,1.00%,"2,444,826",10.20M,430.80M,14.90%,6.3,64.21M,44.41,0.34,-6.79%,-3.51%,14:14:00
2025-06-24,AAPL,202.19,0.34%,"30,877,373",61.10M,14.92B,0.64%,1.55,94.83M,51.49,0.72,0.41%,1.90%,14:14:00
2025-06-24,NVDA,147.46,2.28%,"116,172,730",249.80M,23.40B,0.98%,0.92,229.34M,67.21,0.66,11.01%,1.91%,14:14:00
2025-06-24,BYSI,2.53,-7.66%,"43,512",62.31K,29.31M,6.29%,29.57,1.84M,54.44,1,50.60%,-15.67%,14:14:00
2025-06-24,SLSR,4.43,0.53%,"2,914",54.23K,88.95M,2.91%,47.73,2.59M,52.37,0.08,6.97%,-4.56%,14:14:00
2025-06-24,STKS,4.14,3.37%,"122,063",69.89K,24.53M,7.16%,25.12,1.76M,61.11,2.49,14.19%,11.13%,14:14:00
2025-06-24,GAIN,14.04,0.36%,"53,073",161.31K,36.10M,8.61%,19.26,3.11M,50.52,0.47,-0.43%,-0.78%,14:14:00
2025-06-24,IMMP,1.6,5.26%,"90,518",290.03K,144.81M,2.86%,14.27,4.14M,38.4,0.44,-18.78%,-6.43%,14:14:00
2025-06-24,GME,23.29,2.06%,"11,523,409",17.63M,408.73M,11.62%,2.69,47.49M,36.97,0.65,-24.53%,-0.13%,22:11:00
2025-06-24,TSLA,340.47,-2.35%,"113,676,220",127.02M,2.80B,2.75%,0.61,77.00M,56.29,0.89,-0.17%,3.45%,22:11:00
2025-06-24,AMC,3,0.33%,"4,347,543",10.20M,430.80M,14.90%,6.3,64.21M,43.32,0.43,-7.41%,-4.15%,22:11:00
2025-06-24,AAPL,200.3,-0.60%,"53,890,969",61.10M,14.92B,0.64%,1.55,94.83M,48.48,0.88,-0.53%,0.95%,22:11:00
2025-06-24,NVDA,147.9,2.59%,"186,667,629",249.80M,23.40B,0.98%,0.92,229.34M,67.71,0.75,11.35%,2.22%,22:11:00
2025-06-24,BYSI,2.45,-10.58%,"80,252",62.31K,29.31M,6.29%,29.57,1.84M,52.68,1.29,45.83%,-18.33%,22:11:00
2025-06-24,SLSR,4.4,-0.11%,"28,401",54.23K,88.95M,2.91%,47.73,2.59M,51.12,0.52,6.28%,-5.17%,22:11:00
2025-06-24,STKS,4.21,4.99%,"158,270",69.89K,24.53M,7.16%,25.12,1.76M,62.11,2.26,15.98%,12.87%,22:11:00
2025-06-24,GAIN,13.95,-0.29%,"89,021",161.31K,36.10M,8.61%,19.26,3.11M,47.66,0.55,-1.07%,-1.41%,22:11:00
2025-06-24,IMMP,1.6,5.26%,"138,855",290.03K,144.81M,2.86%,14.27,4.14M,38.4,0.48,-18.78%,-6.43%,22:11:00
2025-06-25,GME,23.21,-0.34%,"4,735,364",17.73M,408.73M,11.62%,2.68,47.49M,36.73,0.52,-29.73%,0.96%,12:57:00
2025-06-25,TSLA,325.68,-4.34%,"78,923,296",126.16M,2.80B,2.75%,0.61,77.00M,50.64,1.21,-4.03%,2.95%,12:57:00
2025-06-25,AMC,2.97,-1.07%,"2,970,350",10.15M,430.80M,14.90%,6.32,64.21M,41.91,0.57,-8.40%,-1.07%,12:57:00
2025-06-25,AAPL,201.76,0.73%,"20,823,911",61.26M,14.92B,0.64%,1.55,94.83M,50.93,0.66,3.33%,3.13%,12:57:00
2025-06-25,NVDA,152.2,2.91%,"143,129,678",249.16M,23.40B,0.98%,0.92,229.34M,72.12,1.11,15.93%,5.61%,12:57:00
2025-06-25,BYSI,2.63,7.35%,"3,176",63.32K,29.31M,6.29%,29.1,1.84M,56.12,0.1,54.71%,-22.65%,12:57:00
2025-06-25,SLSR,4.35,-1.05%,"3,204",54.42K,88.95M,2.91%,47.56,2.59M,48.93,0.11,-3.67%,-5.45%,12:57:00
2025-06-25,STKS,4.23,0.48%,"59,459",71.57K,24.53M,7.16%,24.52,1.76M,62.43,1.6,13.40%,15.57%,12:57:00
2025-06-25,GAIN,14.02,0.50%,"42,726",161.33K,36.10M,8.61%,19.26,3.11M,50.06,0.51,-0.98%,-0.21%,12:57:00
2025-06-25,IMMP,1.58,-1.25%,"40,685",290.80K,144.81M,2.86%,14.23,4.14M,37.33,0.27,-18.56%,-4.82%,12:57:00
2025-06-25,GME,23.28,-0.05%,"7,607,599",17.73M,408.73M,11.62%,2.68,47.49M,36.94,0.49,-29.52%,1.26%,15:24:00
2025-06-25,TSLA,326.22,-4.18%,"99,302,118",126.16M,2.80B,2.75%,0.61,77.00M,50.83,0.9,-3.87%,3.12%,15:24:00
2025-06-25,AMC,2.98,-0.50%,"3,796,278",10.15M,430.80M,14.90%,6.32,64.21M,42.65,0.43,-7.87%,-0.50%,15:24:00
2025-06-25,AAPL,201.27,0.48%,"28,109,266",61.26M,14.92B,0.64%,1.55,94.83M,50.13,0.53,3.07%,2.88%,15:24:00
2025-06-25,NVDA,154.22,4.27%,"212,000,545",249.16M,23.40B,0.98%,0.92,229.34M,73.8,0.97,17.47%,7.01%,15:24:00
2025-06-25,BYSI,2.56,4.29%,"10,657",63.32K,29.31M,6.29%,29.1,1.84M,54.75,0.19,50.29%,-24.85%,15:24:00
2025-06-25,SLSR,4.41,0.23%,"8,191",54.42K,88.95M,2.91%,47.56,2.59M,51.6,0.17,-2.43%,-4.23%,15:24:00
2025-06-25,STKS,4.22,0.12%,"75,074",71.57K,24.53M,7.16%,24.52,1.76M,62.19,1.2,13.00%,15.16%,15:24:00
2025-06-25,GAIN,14.04,0.65%,"66,032",161.33K,36.10M,8.61%,19.26,3.11M,50.7,0.47,-0.83%,-0.07%,15:24:00
2025-06-25,IMMP,1.59,-0.94%,"45,531",290.80K,144.81M,2.86%,14.23,4.14M,37.59,0.18,-18.30%,-4.52%,15:24:00
2025-06-25,GME,23.55,1.12%,"9,781,858",17.73M,408.73M,11.62%,2.68,47.49M,38.3,0.55,-28.70%,2.44%,22:57:00
2025-06-25,TSLA,327.55,-3.79%,"119,125,919",126.16M,2.80B,2.75%,0.61,77.00M,51.29,0.94,-3.47%,3.54%,22:57:00
2025-06-25,AMC,2.98,-0.67%,"4,915,720",10.15M,430.80M,14.90%,6.32,64.21M,42.43,0.48,-8.02%,-0.67%,22:57:00
2025-06-25,AAPL,201.56,0.63%,"39,408,081",61.26M,14.92B,0.64%,1.55,94.83M,50.6,0.64,3.22%,3.03%,22:57:00
2025-06-25,NVDA,154.31,4.33%,"267,307,255",249.16M,23.40B,0.98%,0.92,229.34M,73.87,1.07,17.53%,7.07%,22:57:00
2025-06-25,BYSI,2.51,2.45%,"17,039",63.32K,29.31M,6.29%,29.1,1.84M,53.89,0.27,47.65%,-26.18%,22:57:00
2025-06-25,SLSR,4.46,1.30%,"9,197",54.42K,88.95M,2.91%,47.56,2.59M,53.7,0.17,-1.39%,-3.21%,22:57:00
2025-06-25,STKS,4.26,1.19%,"104,101",71.57K,24.53M,7.16%,24.52,1.76M,62.9,1.45,14.21%,16.39%,22:57:00
2025-06-25,GAIN,14.03,0.57%,"91,016",161.33K,36.10M,8.61%,19.26,3.11M,50.38,0.56,-0.91%,-0.14%,22:57:00
2025-06-25,IMMP,1.57,-1.87%,"46,610",290.80K,144.81M,2.86%,14.23,4.14M,36.81,0.16,-19.07%,-5.42%,22:57:00
2025-06-26,GME,23.76,0.89%,"2,864,543",17.73M,408.73M,19.45%,4.48,79.51M,39.41,0.46,-32.13%,1.37%,11:49:00
2025-06-26,TSLA,327.15,-0.12%,"43,713,810",125.68M,2.80B,2.75%,0.61,77.10M,51.14,0.99,-9.85%,1.58%,11:49:00
2025-06-26,AMC,3.01,0.88%,"1,584,824",10.13M,430.80M,14.54%,6.18,62.65M,44.05,0.44,-25.03%,-0.46%,11:49:00
2025-06-26,AAPL,199.69,-0.93%,"18,603,442",61.34M,14.92B,0.67%,1.63,100.23M,47.47,0.86,-0.26%,1.58%,11:49:00
2025-06-26,NVDA,155.1,0.51%,"103,256,297",250.77M,23.40B,0.88%,0.82,206.80M,74.52,1.17,14.47%,6.61%,11:49:00
2025-06-26,BYSI,2.56,1.99%,"4,007",63.55K,29.31M,6.46%,29.81,1.89M,54.92,0.18,45.46%,-17.68%,11:49:00
2025-06-26,SLSR,4.63,3.88%,"18,201",53.71K,88.95M,2.91%,48.19,2.59M,60.49,0.97,5.42%,1.54%,11:49:00
2025-06-26,STKS,4.47,4.93%,"63,010",71.69K,24.53M,7.17%,24.55,1.76M,66.09,2.5,17.63%,34.23%,11:49:00
2025-06-26,GAIN,14.07,0.29%,"43,955",161.33K,36.10M,8.79%,19.66,3.17M,51.73,0.77,-2.29%,0.07%,11:49:00
2025-06-26,IMMP,1.61,2.41%,"27,896",290.40K,144.81M,2.89%,14.41,4.19M,40.16,0.27,-19.21%,-0.14%,11:49:00
2025-06-26,GME,23.83,1.19%,"5,027,953",17.73M,408.73M,19.45%,4.48,79.51M,39.77,0.43,-31.94%,1.66%,13:53:00
2025-06-26,TSLA,328.17,0.19%,"57,660,314",125.68M,2.80B,2.75%,0.61,77.10M,51.51,0.7,-9.57%,1.90%,13:53:00
2025-06-26,AMC,3.01,0.84%,"2,369,989",10.13M,430.80M,14.54%,6.18,62.65M,43.98,0.36,-25.06%,-0.50%,13:53:00
2025-06-26,AAPL,200.04,-0.75%,"27,958,768",61.34M,14.92B,0.67%,1.63,100.23M,48.03,0.7,-0.08%,1.76%,13:53:00
2025-06-26,NVDA,156.13,1.18%,"135,174,644",250.77M,23.40B,0.88%,0.82,206.80M,75.31,0.82,15.23%,7.32%,13:53:00
2025-06-26,BYSI,2.46,-1.99%,"10,039",63.55K,29.31M,6.46%,29.81,1.89M,52.68,0.24,39.78%,-20.90%,13:53:00
2025-06-26,SLSR,4.67,4.68%,"24,485",53.71K,88.95M,2.91%,48.19,2.59M,61.65,0.7,6.23%,2.32%,13:53:00
2025-06-26,STKS,4.53,6.22%,"120,940",71.69K,24.53M,7.17%,24.55,1.76M,66.84,2.58,19.08%,35.89%,13:53:00
2025-06-26,GAIN,14.11,0.57%,"62,736",161.33K,36.10M,8.79%,19.66,3.17M,53.01,0.59,-2.01%,0.36%,13:53:00
2025-06-26,IMMP,1.61,2.55%,"63,764",290.40K,144.81M,2.89%,14.41,4.19M,40.35,0.34,-19.10%,0.00%,13:53:00
2025-06-26,GME,23.88,1.40%,"8,708,577",17.73M,408.73M,19.45%,4.48,79.51M,40.03,0.49,-31.79%,1.88%,17:32:00
2025-06-26,TSLA,325.78,-0.54%,"79,836,765",125.68M,2.80B,2.75%,0.61,77.10M,50.63,0.64,-10.23%,1.16%,17:32:00
2025-06-26,AMC,3.02,1.34%,"4,186,025",10.13M,430.80M,14.54%,6.18,62.65M,44.87,0.41,-24.69%,0.00%,17:32:00
2025-06-26,AAPL,201,-0.28%,"50,495,251",61.34M,14.92B,0.67%,1.63,100.23M,49.62,0.82,0.39%,2.25%,17:32:00
2025-06-26,NVDA,155.02,0.46%,"196,761,441",250.77M,23.40B,0.88%,0.82,206.80M,74.45,0.78,14.41%,6.56%,17:32:00
2025-06-26,BYSI,2.52,0.40%,"19,596",63.55K,29.31M,6.46%,29.81,1.89M,54.1,0.31,43.19%,-18.97%,17:32:00
2025-06-26,SLSR,4.68,5.00%,"94,031",53.71K,88.95M,2.91%,48.19,2.59M,62.1,1.75,6.56%,2.63%,17:32:00
2025-06-26,STKS,4.45,4.46%,"211,844",71.69K,24.53M,7.17%,24.55,1.76M,65.81,2.95,17.11%,33.63%,17:32:00
2025-06-26,GAIN,14.11,0.57%,"111,833",161.33K,36.10M,8.79%,19.66,3.17M,53.01,0.69,-2.01%,0.36%,17:32:00
2025-06-26,IMMP,1.63,3.82%,"97,485",290.40K,144.81M,2.89%,14.41,4.19M,41.97,0.34,-18.09%,1.24%,17:32:00
2025-06-27,GME,23.77,-0.46%,"4,871,512",17.02M,408.73M,19.45%,4.67,79.51M,39.63,0.58,-23.84%,1.32%,12:47:00
2025-06-27,TSLA,324.86,-0.28%,"42,934,527",124.47M,2.80B,2.75%,0.62,77.10M,50.26,0.7,-8.98%,0.84%,12:47:00
2025-06-27,AMC,3.03,0.33%,"1,338,166",10.06M,430.80M,14.54%,6.23,62.65M,45.49,0.27,-12.43%,0.66%,12:47:00
2025-06-27,AAPL,202.04,0.52%,"21,742,092",61.60M,14.92B,0.67%,1.63,100.23M,51.49,0.72,0.81%,0.52%,12:47:00
2025-06-27,NVDA,157.59,1.66%,"107,143,497",249.21M,23.41B,0.88%,0.83,206.80M,76.49,0.88,16.90%,9.55%,12:47:00
2025-06-27,BYSI,2.52,-0.20%,"2,078",63.17K,29.31M,6.46%,29.99,1.89M,53.96,0.07,51.51%,-20.66%,12:47:00
2025-06-27,SLSR,4.54,-2.99%,"11,402",54.13K,88.95M,2.91%,47.81,2.59M,55.31,0.44,3.42%,2.48%,12:47:00
2025-06-27,STKS,4.56,2.49%,"115,991",74.26K,24.53M,7.17%,23.7,1.76M,67.42,3.18,31.82%,32.97%,12:47:00
2025-06-27,GAIN,14.14,0.18%,"47,410",161.25K,36.10M,8.79%,19.67,3.17M,53.83,0.6,-1.64%,0.46%,12:47:00
2025-06-27,IMMP,1.64,0.60%,"34,472",291.35K,144.81M,2.89%,14.37,4.19M,42.79,0.25,-15.04%,2.49%,12:47:00
2025-06-27,GME,23.62,-1.09%,"7,803,639",17.02M,408.73M,19.45%,4.67,79.51M,39.1,0.61,-24.32%,0.69%,14:35:00
2025-06-27,TSLA,322.11,-1.13%,"56,926,869",124.47M,2.80B,2.75%,0.62,77.10M,49.21,0.61,-9.75%,-0.02%,14:35:00
2025-06-27,AMC,3.02,-0.00%,"2,182,017",10.06M,430.80M,14.54%,6.23,62.65M,44.87,0.29,-12.72%,0.33%,14:35:00
2025-06-27,AAPL,201.29,0.15%,"30,457,696",61.60M,14.92B,0.67%,1.63,100.23M,50.17,0.66,0.44%,0.15%,14:35:00
2025-06-27,NVDA,156.94,1.24%,"140,576,341",249.21M,23.41B,0.88%,0.83,206.80M,76.01,0.75,16.42%,9.10%,14:35:00
2025-06-27,BYSI,2.52,-0.20%,"3,790",63.17K,29.31M,6.46%,29.99,1.89M,53.96,0.08,51.51%,-20.66%,14:35:00
2025-06-27,SLSR,4.52,-3.37%,"34,639",54.13K,88.95M,2.91%,47.81,2.59M,54.56,0.86,3.02%,2.09%,14:35:00
2025-06-27,STKS,4.39,-1.31%,"151,330",74.26K,24.53M,7.17%,23.7,1.76M,64.15,2.71,26.93%,28.04%,14:35:00
2025-06-27,GAIN,14.06,-0.35%,"64,498",161.25K,36.10M,8.79%,19.67,3.17M,51.18,0.53,-2.16%,-0.07%,14:35:00
2025-06-27,IMMP,1.64,0.0034,39607,291.35k,144.81M,0.0289,14.37,4.19M,42.48,0.17,-0.1523,0.0225,14:41:00
2025-06-27,GME,23.59,-1.21%,"11,546,708",17.02M,408.73M,19.45%,4.67,79.51M,39,0.68,-24.42%,0.55%,23:47:00
2025-06-27,TSLA,323.63,-0.66%,"88,602,833",124.47M,2.80B,2.75%,0.62,77.10M,49.78,0.71,-9.32%,0.46%,23:47:00
2025-06-27,AMC,3.07,1.66%,"9,680,947",10.06M,430.80M,14.54%,6.23,62.65M,47.85,0.96,-11.27%,1.99%,23:47:00
2025-06-27,AAPL,201.08,0.04%,"72,580,704",61.60M,14.92B,0.67%,1.63,100.23M,49.77,1.18,0.33%,0.04%,23:47:00
2025-06-27,NVDA,157.75,1.76%,"251,363,349",249.21M,23.41B,0.88%,0.83,206.80M,76.61,1.01,17.02%,9.66%,23:47:00
2025-06-27,BYSI,2.45,-2.78%,"32,927",63.17K,29.31M,6.46%,29.99,1.89M,52.3,0.52,47.59%,-22.71%,23:47:00
2025-06-27,SLSR,4.53,-3.21%,"60,656",54.13K,88.95M,2.91%,47.81,2.59M,54.89,1.12,3.19%,2.26%,23:47:00
2025-06-27,STKS,4.14,-6.97%,"2,713,454",74.26K,24.53M,7.17%,23.7,1.76M,57.84,36.54,19.65%,20.70%,23:47:00
2025-06-27,GAIN,14.08,-0.21%,"125,906",161.25K,36.10M,8.79%,19.67,3.17M,51.9,0.78,-2.02%,0.07%,23:47:00
2025-06-27,IMMP,1.64,0.61%,"56,179",291.35K,144.81M,2.89%,14.37,4.19M,42.81,0.19,-15.03%,2.50%,23:47:00
2025-06-30,GME,23.85,1.10%,"4,201,013",15.67M,408.80M,19.45%,5.07,79.51M,40.48,0.63,-19.34%,4.51%,12:18:00
2025-06-30,TSLA,321.45,-0.67%,"36,811,621",123.31M,2.80B,2.75%,0.63,77.10M,48.9,0.71,-10.32%,-7.81%,12:18:00
2025-06-30,AMC,3.05,-0.54%,"2,262,257",10.10M,430.80M,14.54%,6.2,62.65M,46.94,0.53,-10.72%,2.12%,12:18:00
2025-06-30,AAPL,200.1,-0.49%,"20,135,002",62.17M,14.92B,0.67%,1.61,100.23M,47.9,0.77,0.08%,-0.69%,12:18:00
2025-06-30,NVDA,158.04,0.19%,"77,625,104",249.63M,23.41B,0.88%,0.83,206.80M,76.84,0.74,13.55%,9.62%,12:18:00
2025-06-30,BYSI,2.39,-2.24%,"6,724",63.49K,29.31M,6.46%,29.83,1.89M,50.87,0.25,37.51%,-12.59%,12:18:00
2025-06-30,SLSR,4.58,1.10%,"9,204",54.07K,88.95M,2.69%,44.2,2.39M,56.69,0.41,2.46%,3.97%,12:18:00
2025-06-30,STKS,3.79,-8.45%,"199,319",116.84K,24.53M,7.17%,15.06,1.76M,50.41,4.04,11.47%,-5.49%,12:18:00
2025-06-30,GAIN,14.33,1.79%,"109,283",162.40K,36.10M,8.79%,19.53,3.17M,59.57,1.59,-1.72%,2.45%,12:18:00
2025-06-30,IMMP,1.66,1.22%,"37,532",290.82K,144.81M,2.89%,14.39,4.19M,44.53,0.31,-15.74%,9.21%,12:18:00
2025-06-30,GME,24.04,1.91%,"6,510,649",15.67M,408.80M,19.45%,5.07,79.51M,41.52,0.51,-18.70%,5.35%,15:01:00
2025-06-30,TSLA,318.12,-1.70%,"54,431,136",123.31M,2.80B,2.75%,0.63,77.10M,47.6,0.54,-11.25%,-8.76%,15:01:00
2025-06-30,AMC,3.05,-0.80%,"3,483,640",10.10M,430.80M,14.54%,6.2,62.65M,46.51,0.42,-10.96%,1.85%,15:01:00
2025-06-30,AAPL,200.54,-0.27%,"35,082,416",62.17M,14.92B,0.67%,1.61,100.23M,48.71,0.69,0.29%,-0.48%,15:01:00
2025-06-30,NVDA,157.27,-0.30%,"114,344,613",249.63M,23.41B,0.88%,0.83,206.80M,75.41,0.56,12.99%,9.09%,15:01:00
2025-06-30,BYSI,2.35,-4.29%,"14,960",63.49K,29.31M,6.46%,29.83,1.89M,49.64,0.29,34.64%,-14.42%,15:01:00
2025-06-30,SLSR,4.57,0.88%,"13,723",54.07K,88.95M,2.69%,44.2,2.39M,56.34,0.31,2.24%,3.75%,15:01:00
2025-06-30,STKS,4.01,-3.14%,"285,743",116.84K,24.53M,7.17%,15.06,1.76M,54.83,2.98,17.94%,0.00%,15:01:00
2025-06-30,GAIN,14.29,1.49%,"182,323",162.40K,36.10M,8.79%,19.53,3.17M,58.46,1.37,-2.01%,2.14%,15:01:00
2025-06-30,IMMP,1.64,0.30%,"62,280",290.82K,144.81M,2.89%,14.39,4.19M,43.25,0.26,-16.50%,8.22%,15:01:00
2025-06-30,GME,24.39,3.39%,"10,354,776",15.67M,408.80M,19.45%,5.07,79.51M,43.35,0.66,-17.52%,6.88%,22:34:00
2025-06-30,TSLA,317.66,-1.84%,"73,427,513",123.31M,2.80B,2.75%,0.63,77.10M,47.43,0.6,-11.37%,-8.90%,22:34:00
2025-06-30,AMC,3.1,0.98%,"6,261,197",10.10M,430.80M,14.54%,6.2,62.65M,49.61,0.62,-9.36%,3.68%,22:34:00
2025-06-30,AAPL,205.17,2.03%,"91,335,190",62.17M,14.92B,0.67%,1.61,100.23M,56.81,1.47,2.61%,1.82%,22:34:00
2025-06-30,NVDA,157.99,0.15%,"193,841,519",249.63M,23.41B,0.88%,0.83,206.80M,76.79,0.78,13.51%,9.59%,22:34:00
2025-06-30,BYSI,2.35,-4.08%,"22,143",63.49K,29.31M,6.46%,29.83,1.89M,49.76,0.35,34.93%,-14.23%,22:34:00
2025-06-30,SLSR,4.58,1.10%,"20,933",54.07K,88.95M,2.69%,44.2,2.39M,56.69,0.39,2.46%,3.97%,22:34:00
2025-06-30,STKS,4.05,-2.17%,"335,930",116.84K,24.53M,7.17%,15.06,1.76M,55.72,2.88,19.12%,1.00%,22:34:00
2025-06-30,GAIN,14.27,1.35%,"226,107",162.40K,36.10M,8.79%,19.53,3.17M,57.91,1.39,-2.14%,2.00%,22:34:00
2025-06-30,IMMP,1.64,0.00%,"90,914",290.82K,144.81M,2.89%,14.39,4.19M,42.81,0.31,-16.75%,7.89%,22:34:00
2025-07-01,GME,24.31,-0.33%,"1,956,583",15.13M,408.80M,19.45%,5.26,79.51M,43.02,0.61,-18.42%,4.38%,10:52:00
2025-07-01,TSLA,301.85,-4.98%,"60,625,917",122.56M,2.80B,2.75%,0.63,77.10M,41.78,2.35,-12.88%,-11.34%,10:52:00
2025-07-01,AMC,2.91,-5.97%,"10,663,436",10.10M,430.80M,14.54%,6.2,62.65M,40.53,5.01,-18.12%,-2.83%,10:52:00
2025-07-01,AAPL,209.21,1.97%,"28,579,331",63.00M,14.92B,0.67%,1.59,100.23M,62.41,2.15,4.16%,4.45%,10:52:00
2025-07-01,NVDA,153.79,-2.66%,"49,652,733",249.07M,23.41B,0.88%,0.83,206.80M,66.81,0.95,13.81%,3.98%,10:52:00
2025-07-01,BYSI,2.5,6.38%,"1,588",63.75K,29.31M,6.46%,29.71,1.89M,53.41,0.12,43.27%,2.04%,10:52:00
2025-07-01,SLSR,4.62,0.83%,"13,132",52.84K,88.95M,2.69%,45.23,2.39M,58.07,1.18,3.78%,4.95%,10:52:00
2025-07-01,STKS,4.24,4.69%,"65,488",121.25K,24.53M,7.17%,14.51,1.76M,59.12,2.56,23.26%,0.71%,10:52:00
2025-07-01,GAIN,14.27,0.00%,"35,866",164.64K,36.10M,8.79%,19.27,3.17M,57.91,1.03,-1.69%,2.29%,10:52:00
2025-07-01,IMMP,1.65,0.34%,"11,724",291.88K,144.81M,2.89%,14.34,4.19M,43.33,0.19,-12.47%,2.84%,10:52:00
2025-07-01,GME,23.68,-2.91%,"8,221,975",15.13M,408.80M,19.45%,5.26,79.51M,40.58,0.54,-20.54%,1.67%,22:23:00
2025-07-01,TSLA,300.71,-5.34%,"143,910,728",122.56M,2.80B,2.75%,0.63,77.10M,41.42,1.17,-13.20%,-11.68%,22:23:00
2025-07-01,AMC,2.82,-9.03%,"30,119,980",10.10M,430.80M,14.54%,6.2,62.65M,37.05,2.98,-20.79%,-6.00%,22:23:00
2025-07-01,AAPL,207.82,1.29%,"78,245,930",63.00M,14.92B,0.67%,1.59,100.23M,60.65,1.24,3.47%,3.75%,22:23:00
2025-07-01,NVDA,153.3,-2.97%,"212,161,747",249.07M,23.41B,0.88%,0.83,206.80M,65.81,0.85,13.45%,3.65%,22:23:00
2025-07-01,BYSI,2.42,2.98%,"13,206",63.75K,29.31M,6.46%,29.71,1.89M,51.53,0.21,38.68%,-1.22%,22:23:00
2025-07-01,SLSR,4.75,3.71%,"37,346",52.84K,88.95M,2.69%,45.23,2.39M,62.23,0.71,6.74%,7.95%,22:23:00
2025-07-01,STKS,4.41,8.89%,"265,843",121.25K,24.53M,7.17%,14.51,1.76M,61.74,2.19,28.20%,4.75%,22:23:00
2025-07-01,GAIN,14.16,-0.77%,"160,137",164.64K,36.10M,8.79%,19.27,3.17M,53.73,0.97,-2.45%,1.51%,22:23:00
2025-07-01,IMMP,1.65,0.61%,"67,924",291.88K,144.81M,2.89%,14.34,4.19M,43.75,0.23,-12.23%,3.12%,22:23:00
2025-07-02,GME,23.81,0.55%,"1,523,078",15.01M,408.80M,19.45%,5.30,79.51M,41.32,0.54,-22.29%,1.10%,10:42:00
2025-07-02,TSLA,312.78,4.01%,"46,393,758",122.35M,2.80B,2.75%,0.63,77.10M,46.60,2.01,-8.73%,-4.51%,10:42:00
2025-07-02,AMC,2.83,0.25%,"2,830,791",10.50M,430.80M,14.54%,5.97,62.65M,37.48,1.43,-17.82%,-5.13%,10:42:00
2025-07-02,AAPL,212.18,2.10%,"24,456,576",63.64M,14.92B,0.67%,1.57,100.23M,66.02,2.03,5.20%,5.27%,10:42:00
2025-07-02,NVDA,155.97,1.74%,"44,237,501",248.11M,23.41B,0.88%,0.83,206.80M,68.57,0.94,13.53%,1.08%,10:42:00
2025-07-02,BYSI,2.47,2.07%,572,64.36K,29.31M,6.46%,29.43,1.89M,52.82,0.05,51.53%,-1.59%,10:42:00
2025-07-02,SLSR,4.69,-1.27%,"38,097",51.32K,88.95M,2.69%,46.57,2.39M,59.32,3.93,7.19%,5.22%,10:42:00
2025-07-02,STKS,4.51,2.27%,"40,989",125.50K,24.53M,7.17%,14.02,1.76M,63.24,1.73,33.04%,5.87%,10:42:00
2025-07-02,GAIN,14.26,0.71%,"24,717",165.03K,36.10M,8.79%,19.22,3.17M,56.79,0.79,-3.11%,1.64%,10:42:00
2025-07-02,IMMP,1.69,2.33%,"15,950",295.56K,144.81M,2.89%,14.16,4.19M,47.34,0.29,-9.23%,7.54%,10:42:00
